{
	"pageLevel": 0,
	"templateVersion": "2",
	"documentType": 0,
	"docBusinessType": 0,
	"templateName": "现金预支单",
	"simpleName": "现金预支单",
	"templateID": "T_PreCashApplyMst",
	"templateType": "T_PreCashApplyMst",
	"simpleType": "PA",
	"saveSuccessKey": "Head.Ret",
	"saveFailKey": "Head.Msg",
	"saveRequestType": 0,
	"saveUrl": "api/Expense/UploadBizInfo",
	"submitUrl": "api/Expense/UploadBizInfo",
	"elements": [
		{
			"elementType": 0,
			"readOnly": true,
			"lable": "单据号",
			"lableEn": "",
			"placeHolder": "",
			"placeHolderEn": "",
			"groupID": "BillGroup0",
			"groupName": "",
			"groupNameEn": "",
			"format": {},
			"childElement": [],
			"orderBy": 0,
			"key": "PreCashApplyCD",
			"dataPrecision": "0",
			"roundType": 0,
			"maxLength": 20
		},
		{
			"elementType": 5,
			"readOnly": true,
			"lable": "申请部门",
			"lableEn": "",
			"placeHolder": "请选择",
			"placeHolderEn": "",
			"groupID": "BillGroup2",
			"groupName": "申请信息",
			"groupNameEn": "",
			"format": {},
			"childElement": [],
			"orderBy": 2,
			"key": "costCenterName",
			"dataPrecision": "0",
			"roundType": 0,
			"maxLength": 20
		},
		{
			"elementType": 5,
			"readOnly": true,
			"lable": "入账部门",
			"lableEn": "",
			"placeHolder": "请选择",
			"placeHolderEn": "",
			"groupID": "BillGroup3",
			"groupName": "入账信息",
			"groupNameEn": "",
			"format": {},
			"childElement": [],
			"orderBy": 3,
			"key": "chargeCostCenter",
			"dataPrecision": "0",
			"roundType": 0,
			"maxLength": 20
		},
		{
			"elementType": 5,
			"readOnly": true,
			"lable": "入账项目",
			"lableEn": "",
			"placeHolder": "请选择",
			"placeHolderEn": "",
			"groupID": "BillGroup3",
			"groupName": "入账信息",
			"groupNameEn": "",
			"format": {},
			"childElement": [],
			"orderBy": 4,
			"key": "billProject",
			"dataPrecision": "0",
			"roundType": 0,
			"maxLength": 20
		},
		{
			"elementType": 5,
			"readOnly": true,
			"lable": "审批方式",
			"lableEn": "",
			"placeHolder": "请选择",
			"placeHolderEn": "",
			"groupID": "BillGroup3",
			"groupName": "入账信息",
			"groupNameEn": "",
			"format": {},
			"childElement": [],
			"orderBy": 5,
			"key": "approveTypeName",
			"dataPrecision": "0",
			"roundType": 0,
			"maxLength": 20
		},
		{
			"elementType": 5,
			"readOnly": true,
			"lable": "业务类型",
			"lableEn": "",
			"placeHolder": "请选择",
			"placeHolderEn": "",
			"groupID": "BillGroup3",
			"groupName": "入账信息",
			"groupNameEn": "",
			"format": {},
			"childElement": [],
			"orderBy": 6,
			"key": "businessType",
			"dataPrecision": "0",
			"roundType": 0,
			"maxLength": 20
		},
		{
			"elementType": 5,
			"readOnly": true,
			"lable": "结算币种",
			"lableEn": "",
			"placeHolder": "请选择",
			"placeHolderEn": "",
			"groupID": "BillGroup3",
			"groupName": "入账信息",
			"groupNameEn": "",
			"format": {},
			"childElement": [],
			"orderBy": 7,
			"key": "settleMethodName",
			"dataPrecision": "0",
			"roundType": 0,
			"maxLength": 20
		},
		{
			"elementType": 5,
			"readOnly": true,
			"lable": "支付方式",
			"lableEn": "",
			"placeHolder": "请选择",
			"placeHolderEn": "",
			"groupID": "BillGroup3",
			"groupName": "入账信息",
			"groupNameEn": "",
			"format": {},
			"childElement": [],
			"orderBy": 8,
			"key": "payMethod",
			"dataPrecision": "0",
			"roundType": 0,
			"maxLength": 20
		},
		{
			"elementType": 2,
			"readOnly": true,
			"lable": "最终收款人",
			"lableEn": "",
			"placeHolder": "请输入",
			"placeHolderEn": "",
			"groupID": "BillGroup7",
			"groupName": "收款人信息",
			"groupNameEn": "",
			"format": {},
			"childElement": [],
			"orderBy": 15,
			"key": "finalPayee",
			"dataPrecision": "0",
			"roundType": 0,
			"maxLength": 50
		},
		{
			"elementType": 9,
			"readOnly": true,
			"lable": "卡号",
			"lableEn": "",
			"placeHolder": "请输入",
			"placeHolderEn": "",
			"groupID": "BillGroup7",
			"groupName": "收款人信息",
			"groupNameEn": "",
			"format": {},
			"childElement": [],
			"orderBy": 16,
			"key": "bankCard",
			"dataPrecision": "0",
			"roundType": 0,
			"maxLength": 25
		},
		{
			"elementType": 2,
			"readOnly": true,
			"lable": "开户银行",
			"lableEn": "",
			"placeHolder": "请输入",
			"placeHolderEn": "",
			"groupID": "BillGroup7",
			"groupName": "收款人信息",
			"groupNameEn": "",
			"format": {},
			"childElement": [],
			"orderBy": 17,
			"key": "bankAddress",
			"dataPrecision": "0",
			"roundType": 0,
			"maxLength": 50
		},
		{
			"elementType": 8,
			"readOnly": true,
			"lable": "事由备注",
			"lableEn": "",
			"placeHolder": "请输入",
			"placeHolderEn": "",
			"groupID": "BillGroup7",
			"groupName": "",
			"groupNameEn": "",
			"format": {},
			"childElement": [],
			"orderBy": 18,
			"key": "remark",
			"dataPrecision": "0",
			"roundType": 0,
			"maxLength": 150
		},
		{
			"elementType": 16,
			"readOnly": true,
			"lable": "申请预算",
			"lableEn": "",
			"placeHolder": "",
			"placeHolderEn": "",
			"groupID": "BillGroup9",
			"groupName": "申请预算",
			"groupNameEn": "",
			"format": {},
			"childElement": [],
			"orderBy": 19,
			"key": "advanceBudget",
			"dataPrecision": "0",
			"roundType": 0,
			"maxLength": 20
		},
		{
			"elementType": 14,
			"readOnly": true,
			"lable": "关联出差/日常申请单",
			"lableEn": "",
			"placeHolder": "",
			"placeHolderEn": "",
			"groupID": "BillGroup10",
			"groupName": "申请单",
			"groupNameEn": "",
			"format": {},
			"childElement": [
				{
					"elementType": 14,
					"readOnly": true,
					"lable": "关联出差/日常申请单",
					"lableEn": "",
					"placeHolder": "请选择",
					"placeHolderEn": "",
					"groupID": "BillGroup10",
					"groupName": "申请单",
					"groupNameEn": "",
					"format": {},
					"childElement": [],
					"orderBy": 1,
					"key": "traveldailyApply",
					"dataPrecision": "0",
					"roundType": 0,
					"maxLength": 20
				}
			],
			"orderBy": 21,
			"key": "traveldailyApply",
			"dataPrecision": "0",
			"roundType": 0,
			"maxLength": 20
		},
		{
			"elementType": 13,
			"readOnly": true,
			"lable": "附件",
			"lableEn": "",
			"placeHolder": "请选择",
			"placeHolderEn": "",
			"groupID": "BillGroup11",
			"groupName": "附件",
			"groupNameEn": "",
			"format": {},
			"childElement": [],
			"orderBy": 30,
			"key": "Doc_Json",
			"dataPrecision": "0",
			"roundType": 0,
			"maxLength": 20
		}
	],
	"dataSources": [
		{
			"sourceType": 1,
			"sourceKey": "detailRequest",
			"url": "/api/Expense/EditingBizInfo",
			"requestType": 0,
			"params": {
				"expression": "{\"BizID\":\"%s\",\"BizType\":\"%s\"}",
				"paramKey": "BizID,BizType"
			}
		},
		{
			"sourceType": 1,
			"sourceKey": "traveldailyApply",
			"multiSelect": false,
			"url": "api/Travel/GetTravelCanMacth",
			"relatedID": "DETAIL_MOBILE_ID",
			"localParams": {},
			"modelBindType": 1,
			"filterID": "businessTypeID,BusinessTypeCD",
			"changeKeys": "",
			"returnOld": false,
			"requestType": 0,
			"needEditFlagKey": "traveldailyApply,TravelModel",
			"params": {
				"expression": "{\"BizType\":\"%s\",\"LegalUnitID\":\"%s\",\"BusinessTypeCD\":\"%s\",\"Page\":\"%s\",\"PageSize\":\"%s\"}",
				"paramKey": "templateType,legalUnitID,businessTypeID,(pn),(ps)"
			},
			"modelBinds": [
				{
					"modelKey": "BILL_TYPE_NAME",
					"dataSourceKey": "BILL_TYPE_NAME",
					"parentKey": ""
				},
				{
					"modelKey": "BizIcon",
					"dataSourceKey": "BizIcon",
					"parentKey": ""
				},
				{
					"modelKey": "CreatDateStr",
					"dataSourceKey": "CreatDateStr",
					"parentKey": ""
				},
				{
					"modelKey": "ExpenseClaimReason",
					"dataSourceKey": "ExpenseClaimReason",
					"parentKey": ""
				},
				{
					"modelKey": "DETAIL_MOBILE_ID",
					"dataSourceKey": "DETAIL_MOBILE_ID",
					"parentKey": ""
				},
				{
					"modelKey": "BizCD",
					"dataSourceKey": "BizCD",
					"parentKey": ""
				},
				{
					"modelKey": "BizID",
					"dataSourceKey": "BizID",
					"parentKey": ""
				},
				{
					"modelKey": "detailMobileID",
					"dataSourceKey": "BizID",
					"parentKey": ""
				},
				{
					"modelKey": "BusinessTypeName",
					"dataSourceKey": "BusinessTypeName",
					"parentKey": ""
				},
				{
					"modelKey": "BusinessTypeCD",
					"dataSourceKey": "BusinessTypeCD",
					"parentKey": ""
				},
				{
					"modelKey": "Title",
					"dataSourceKey": "Title",
					"parentKey": ""
				},
				{
					"modelKey": "Desc1",
					"dataSourceKey": "Desc1",
					"parentKey": ""
				},
				{
					"modelKey": "Desc2",
					"dataSourceKey": "Desc2",
					"parentKey": ""
				},
				{
					"modelKey": "templateID",
					"dataSourceKey": "BizType"
				}
			]
		},
		{
			"sourceType": 0,
			"sourceKey": "chargeCostCenter",
			"multiSelect": false,
			"url": "",
			"relatedID": "staticID",
			"modelBindType": 0,
			"localParams": {
				"androidWhere": "staticType=%s",
				"iosWhere": "staticType=%@",
				"localKey": ":8"
			},
			"params": {},
			"modelBinds": [
				{
					"modelKey": "chargeCostCenter",
					"dataSourceKey": "staticName",
					"parentKey": "GetCities"
				},
				{
					"modelKey": "chargeCostCenterID",
					"dataSourceKey": "staticID",
					"parentKey": "GetCities"
				},
				{
					"modelKey": "chargeCostCenterCD",
					"dataSourceKey": "staticCD",
					"parentKey": "GetCities"
				}
			]
		},
		{
			"sourceType": 1,
			"sourceKey": "billProject",
			"multiSelect": false,
			"url": "/api/BaseData/GetProjectByChargeCostCenterID",
			"relatedID": "staticID",
			"modelBindType": 0,
			"changeKeys": "",
			"requestType": 0,
			"localParams": {},
			"params": {
				"expression": "{\"LegalUnitID\":\"%s\",\"ChargeCostCenterID\":\"%s\",\"Page\":\"%s\",\"PageSize\":\"%s\"}",
				"paramKey": "legalUnitID,chargeCostCenterID,(pn),(ps)"
			},
			"modelBinds": [
				{
					"modelKey": "billProject",
					"dataSourceKey": "staticName",
					"parentKey": "GetCities"
				},
				{
					"modelKey": "billProjectID",
					"dataSourceKey": "staticID",
					"parentKey": "GetCities"
				}
			]
		},
		{
			"sourceType": 0,
			"sourceKey": "approveTypeName",
			"multiSelect": false,
			"url": "",
			"relatedID": "staticID",
			"modelBindType": 0,
			"localParams": {
				"androidWhere": "staticType=%s",
				"iosWhere": "staticType=%@",
				"localKey": ":17"
			},
			"params": {},
			"modelBinds": [
				{
					"modelKey": "approveTypeName",
					"dataSourceKey": "staticName",
					"parentKey": "GetCities"
				},
				{
					"modelKey": "approveType",
					"dataSourceKey": "staticID",
					"parentKey": "GetCities"
				}
			]
		},
		{
			"sourceType": 1,
			"sourceKey": "businessType",
			"multiSelect": false,
			"url": "/api/BaseData/GetBusineesTypeByChargeCostCenterID",
			"relatedID": "staticID",
			"modelBindType": 0,
			"changeKeys": "",
			"localParams": {},
			"params": {
				"expression": "{\"LegalUnitID\":\"%s\",\"ChargeCostCenterID\":\"%s\",\"BizType\":\"%s\",\"Page\":\"%s\",\"PageSize\":\"%s\"}",
				"paramKey": "legalUnitID,chargeCostCenterID,templateType,(pn),(ps)"
			},
			"modelBinds": [
				{
					"modelKey": "businessType",
					"dataSourceKey": "staticName",
					"parentKey": "GetCities"
				},
				{
					"modelKey": "businessTypeID",
					"dataSourceKey": "staticID",
					"parentKey": "GetCities"
				}
			]
		},
		{
			"sourceType": 0,
			"sourceKey": "payMethod",
			"multiSelect": false,
			"url": "",
			"relatedID": "staticID",
			"modelBindType": 0,
			"changeKeys": "bankCard,bankAddress",
			"localParams": {
				"androidWhere": "staticType=%s",
				"iosWhere": "staticType=%@",
				"localKey": ":19"
			},
			"params": {},
			"modelBinds": [
				{
					"modelKey": "payMethod",
					"dataSourceKey": "staticName",
					"parentKey": "GetCities"
				},
				{
					"modelKey": "payMethodID",
					"dataSourceKey": "staticID",
					"parentKey": "GetCities"
				}
			]
		},
		{
			"sourceType": 0,
			"sourceKey": "settleMethodName",
			"multiSelect": false,
			"url": "",
			"relatedID": "staticID",
			"modelBindType": 0,
			"localParams": {
				"androidWhere": "staticType=%s",
				"iosWhere": "staticType=%@",
				"localKey": ":20"
			},
			"params": {},
			"modelBinds": [
				{
					"modelKey": "settleMethodName",
					"dataSourceKey": "staticName",
					"parentKey": "GetCities"
				},
				{
					"modelKey": "settleMethod",
					"dataSourceKey": "staticID",
					"parentKey": "GetCities"
				}
			]
		},
		{
			"sourceType": 1,
			"sourceKey": "costCenterName",
			"multiSelect": false,
			"url": "/api/Account/GetOrgListByEntity",
			"relatedID": "OrgGUID",
			"modelBindType": 0,
			"localParams": {},
			"params": {
				"expression": "{\"LegalUnitID\":\"%s\",\"OrgType\":\"1\",\"Page\":\"%s\",\"PageSize\":\"%s\"}",
				"paramKey": "legalUnitID,(pn),(ps)"
			},
			"modelBinds": [
				{
					"modelKey": "costCenterName",
					"dataSourceKey": "FullPathName",
					"parentKey": ""
				},
				{
					"modelKey": "costCenterID",
					"dataSourceKey": "OrgGUID",
					"parentKey": ""
				},
				{
					"modelKey": "CostCenterCD",
					"dataSourceKey": "OrgCD"
				}
			]
		},
		{
			"sourceType": 2,
			"sourceKey": "advanceBudget",
			"multiSelect": false,
			"url": "",
			"relatedID": "",
			"localParams": {},
			"modelBindType": 2,
			"filterID": "businessTypeID",
			"params": {},
			"needEditFlagKey": "advanceBudget,PreCashDtlList",
			"modelBinds": []
		}
	],
	"expression": [],
	"validateExpression": [
		{
			"validateKey": "C",
			"operateType": 5,
			"message": "项目审批状态下，入账项目不可为空！",
			"messageEn": "should input reasons",
			"valueType": 1,
			"validates": [
				{
					"key": "approveType",
					"operateType": 10,
					"orderBy": 0,
					"valueType": 4,
					"compareValue": "",
					"value": [
						{
							"key": "approveType",
							"operateType": 5,
							"orderBy": 0,
							"valueType": 0,
							"compareValue": "0",
							"value": []
						}
					]
				},
				{
					"key": "billProject",
					"operateType": 10,
					"orderBy": 2,
					"valueType": 4,
					"compareValue": "",
					"value": [
						{
							"key": "billProject",
							"operateType": 12,
							"orderBy": 0,
							"valueType": 3,
							"compareValue": "",
							"value": []
						}
					]
				}
			]
		},
		{
			"validateKey": "B",
			"operateType": 5,
			"message": "业务类型不可为空！",
			"messageEn": "should input reasons",
			"valueType": 1,
			"validates": [
				{
					"key": "businessType",
					"operateType": 12,
					"orderBy": 0,
					"valueType": 3,
					"value": []
				}
			]
		},
		{
			"validateKey": "B",
			"operateType": 5,
			"message": "事由备注不可为空！",
			"messageEn": "should input reasons",
			"valueType": 1,
			"validates": [
				{
					"key": "remark",
					"operateType": 12,
					"orderBy": 0,
					"valueType": 3,
					"value": []
				}
			]
		},
		{
			"validateKey": "B",
			"operateType": 5,
			"message": "最终收款人不可为空！",
			"messageEn": "should input reasons",
			"valueType": 1,
			"validates": [
				{
					"key": "finalPayee",
					"operateType": 12,
					"orderBy": 0,
					"valueType": 3,
					"value": []
				}
			]
		},
		{
			"validateKey": "C",
			"operateType": 5,
			"message": "开户银行不可为空！",
			"messageEn": "should input reasons",
			"valueType": 1,
			"validates": [
				{
					"key": "payMethodID",
					"operateType": 10,
					"orderBy": 0,
					"valueType": 4,
					"compareValue": "",
					"value": [
						{
							"key": "payMethodID",
							"operateType": 11,
							"orderBy": 0,
							"valueType": 3,
							"compareValue": "PT03",
							"value": []
						}
					]
				},
				{
					"key": "bankAddress",
					"operateType": 11,
					"orderBy": 2,
					"valueType": 4,
					"compareValue": "",
					"value": [
						{
							"key": "bankAddress",
							"operateType": 12,
							"orderBy": 0,
							"valueType": 3,
							"compareValue": "",
							"value": []
						}
					]
				}
			]
		},
		{
			"validateKey": "C",
			"operateType": 5,
			"message": "银行卡号不可为空！",
			"messageEn": "should input reasons",
			"valueType": 1,
			"validates": [
				{
					"key": "payMethodID",
					"operateType": 10,
					"orderBy": 0,
					"valueType": 4,
					"compareValue": "",
					"value": [
						{
							"key": "payMethodID",
							"operateType": 11,
							"orderBy": 0,
							"valueType": 3,
							"compareValue": "PT03",
							"value": []
						}
					]
				},
				{
					"key": "bankCard",
					"operateType": 11,
					"orderBy": 2,
					"valueType": 4,
					"compareValue": "",
					"value": [
						{
							"key": "bankCard",
							"operateType": 12,
							"orderBy": 0,
							"valueType": 3,
							"compareValue": "",
							"value": []
						}
					]
				}
			]
		}
	],
	"legalUnitID": "000007",
	"softControlKey": [
		{
			"softControlKey": "traveldailyApply",
			"operateType": 5,
			"message": "请先选择业务类型",
			"messageEn": "Please choose businesstype firstly",
			"valueType": 1,
			"validates": [
				{
					"key": "businessType",
					"operateType": 12,
					"orderBy": 0,
					"valueType": 3,
					"value": []
				}
			]
		},
		{
			"softControlKey": "billProject",
			"operateType": 5,
			"message": "请先选择入账部门",
			"messageEn": "Please choose businesstype firstly",
			"valueType": 1,
			"validates": [
				{
					"key": "chargeCostCenter",
					"operateType": 12,
					"orderBy": 0,
					"valueType": 3,
					"value": []
				}
			]
		},
		{
			"softControlKey": "businessType",
			"operateType": 5,
			"message": "请先选择入账部门",
			"messageEn": "Please choose businesstype firstly",
			"valueType": 1,
			"validates": [
				{
					"key": "chargeCostCenter",
					"operateType": 12,
					"orderBy": 0,
					"valueType": 3,
					"value": []
				}
			]
		}
	],
	"visibleKeys": [
		{
			"key": "bankCard",
			"operateType": 1,
			"orderBy": 0,
			"valueType": 3,
			"value": [
				{
					"key": "payMethodID",
					"operateType": 5,
					"orderBy": 0,
					"valueType": 3,
					"compareValue": "PT03",
					"value": []
				}
			]
		},
		{
			"key": "bankAddress",
			"operateType": 1,
			"orderBy": 0,
			"valueType": 3,
			"value": [
				{
					"key": "payMethodID",
					"operateType": 5,
					"orderBy": 0,
					"valueType": 3,
					"compareValue": "PT03",
					"value": []
				}
			]
		},
		{
			"key": "BillGroup0",
			"operateType": 1,
			"orderBy": 0,
			"valueType": 1,
			"value": [
				{
					"key": "PreCashApplyCD",
					"operateType": 12,
					"orderBy": 0,
					"valueType": 3,
					"compareValue": "",
					"value": []
				}
			]
		},
		{
			"key": "PreCashApplyCD",
			"operateType": 12,
			"orderBy": 1,
			"valueType": 4,
			"compareValue": "",
			"value": [
				{
					"key": "PreCashApplyCD",
					"operateType": 12,
					"orderBy": 0,
					"valueType": 3,
					"compareValue": "",
					"value": []
				}
			]
		}
	],
	"enableKeys": [],
	"clearKeys": [
		{
			"key": "chargeCostCenter",
			"affectKeys": "businessType,traveldailyApply,businessTypeID",
			"clearCompareKey": "chargeCostCenterID,staticID",
			"message": "修改入账部门，会清空业务类型、申请单，是否确定修改？",
			"messageEn": "Replacing the travel application form will clear the expense flow"
		},
		{
			"key": "businessType",
			"affectKeys": "traveldailyApply",
			"clearCompareKey": "businessTypeID,staticID",
			"message": "修改业务类型会清空申请单，是否确定修改？",
			"messageEn": "Replacing the travel application form will clear the expense flow"
		}
	],
	"transEntities": [
		{
			"modelKey": "EditFlag",
			"remoteKey": "ActionType",
			"isOutsideKey": true
		},
		{
			"modelKey": "templateType",
			"remoteKey": "BizType",
			"isOutsideKey": true
		},
		{
			"modelKey": "root",
			"remoteKey": "Bizdata",
			"isOutsideKey": true
		},
		{
			"modelKey": "advanceBudget",
			"remoteKey": "[PreCashDtlList]"
		},
		{
			"modelKey": "applyStatus",
			"remoteKey": "ApplyStatus"
		},
		{
			"modelKey": "approveType",
			"remoteKey": "ApproveType"
		},
		{
			"modelKey": "approveTypeName",
			"remoteKey": "ApproveTypeName"
		},
		{
			"modelKey": "bankAddress",
			"remoteKey": "Bank"
		},
		{
			"modelKey": "bankCard",
			"remoteKey": "BankCard"
		},
		{
			"modelKey": "finalPayee",
			"remoteKey": "BankUser"
		},
		{
			"modelKey": "BIZ_ID",
			"remoteKey": "BizID"
		},
		{
			"modelKey": "businessTypeID",
			"remoteKey": "BusinessTypeCD"
		},
		{
			"modelKey": "businessType",
			"remoteKey": "BusinessTypeName"
		},
		{
			"modelKey": "chargeCostCenter",
			"remoteKey": "ChargeCostCenter"
		},
		{
			"modelKey": "chargeCostCenterID",
			"remoteKey": "ChargeCostCenterID"
		},
		{
			"modelKey": "costCenterID",
			"remoteKey": "CostCenterID"
		},
		{
			"modelKey": "costCenterName",
			"remoteKey": "CostCenterName"
		},
		{
			"modelKey": "detailMobileID",
			"remoteKey": "DETAIL_MOBILE_ID"
		},
		{
			"modelKey": "remark",
			"remoteKey": "ExpenseClaimReason"
		},
		{
			"modelKey": "legalUnitID",
			"remoteKey": "LegalUnitID"
		},
		{
			"modelKey": "legalUnitName",
			"remoteKey": "LegalUnitName"
		},
		{
			"modelKey": "payMethod",
			"remoteKey": "PaymentMethod"
		},
		{
			"modelKey": "payMethodID",
			"remoteKey": "PaymentMethodID"
		},
		{
			"modelKey": "billProject",
			"remoteKey": "Project"
		},
		{
			"modelKey": "billProjectID",
			"remoteKey": "ProjectID"
		},
		{
			"modelKey": "settleMethodName",
			"remoteKey": "SettleMethodName"
		},
		{
			"modelKey": "settleMethod",
			"remoteKey": "SettleMethod"
		},
		{
			"modelKey": "TravelApplyCD",
			"remoteKey": "TravelApplyCD"
		},
		{
			"modelKey": "TravelApplyID",
			"remoteKey": "TravelApplyID"
		},
		{
			"modelKey": "traveldailyApply",
			"remoteKey": "{TravelModel}"
		},
		{
			"modelKey": "traveldailyApply",
			"remoteKey": "Travel_DETAIL_MOBILE_ID"
		},
		{
			"modelKey": "PreCashApplyCD",
			"remoteKey": "PreCashApplyCD"
		},
		{
			"modelKey": "traveldailyApply.detailMobileID",
			"remoteKey": "traveldailyApply.BizID"
		},
		{
			"modelKey": "traveldailyApply.templateID",
			"remoteKey": "traveldailyApply.BizType"
		}
	]
}