{
	"pageLevel": 0,
	"templateVersion": "1",
	"documentType": 1,
	"docBusinessType": 3,
	"templateName": "采购明细",
	"simpleName": "采购明细",
	"templateID": "T_PurApplyDtl",
	"templateType": "T_PurApplyDtl",
	"simpleType": "T_PurApplyDtl",
	"saveUrl": "/AppClient/AppUploadPurApplyDtl.aspx",
	"submitUrl": "/AppClient/AppUploadPurApplyDtl.aspx",
	"saveSuccessKey": "SaveSuccess,upload_status,Info",
	"saveFailKey": "upload_message",
	"saveRequestType": 1,
	"elements": [
		{
			"elementType": 5,
			"readOnly": false,
			"lable": "采购大类",
			"lableEn": "",
			"placeHolder": "请选择",
			"placeHolderEn": "",
			"groupID": "BillGroup1",
			"groupName": "采购信息",
			"groupNameEn": "",
			"orderBy": 1,
			"key": "ItemClass",
			"dataPrecision": "0",
			"roundType": 0,
			"maxLength": 20
		},
		{
			"elementType": 5,
			"readOnly": false,
			"lable": "货劳类别",
			"lableEn": "",
			"placeHolder": "请选择",
			"placeHolderEn": "",
			"groupID": "BillGroup1",
			"groupName": "采购信息",
			"groupNameEn": "",
			"orderBy": 2,
			"key": "ItemCategory",
			"dataPrecision": "0",
			"roundType": 0,
			"maxLength": 20
		},
		{
			"elementType": 5,
			"readOnly": false,
			"lable": "货劳明细",
			"lableEn": "",
			"placeHolder": "请选择",
			"placeHolderEn": "",
			"groupID": "BillGroup1",
			"groupName": "采购信息",
			"groupNameEn": "",
			"orderBy": 3,
			"key": "ItemName",
			"dataPrecision": "0",
			"roundType": 0,
			"maxLength": 20
		},
		{
			"elementType": 0,
			"readOnly": false,
			"lable": "规格型号",
			"lableEn": "",
			"placeHolder": "",
			"placeHolderEn": "",
			"groupID": "BillGroup1",
			"groupName": "采购信息",
			"groupNameEn": "",
			"orderBy": 4,
			"key": "ItemSpec",
			"dataPrecision": "0",
			"roundType": 0,
			"maxLength": 20
		},
		{
			"elementType": 0,
			"readOnly": false,
			"lable": "质量要求",
			"lableEn": "",
			"placeHolder": "",
			"placeHolderEn": "",
			"groupID": "BillGroup1",
			"groupName": "采购信息",
			"groupNameEn": "",
			"orderBy": 5,
			"key": "Quality",
			"dataPrecision": "0",
			"roundType": 0,
			"maxLength": 20
		},
		{
			"elementType": 7,
			"readOnly": false,
			"lable": "货劳到货日期",
			"lableEn": "",
			"placeHolder": "",
			"placeHolderEn": "",
			"groupID": "BillGroup1",
			"groupName": "采购信息",
			"groupNameEn": "",
			"orderBy": 6,
			"key": "ArriveDate",
			"format": {
				"expression": "yyyy-MM-dd"
			},
			"dataPrecision": "0",
			"roundType": 0,
			"maxLength": 20
		},
		{
			"elementType": 8,
			"readOnly": true,
			"lable": "用途及备注",
			"lableEn": "",
			"placeHolder": "",
			"placeHolderEn": "",
			"groupID": "BillGroup1",
			"groupName": "采购信息",
			"groupNameEn": "",
			"orderBy": 7,
			"key": "Remark",
			"dataPrecision": "0",
			"roundType": 0,
			"maxLength": 150
		},
		{
			"elementType": 9,
			"readOnly": false,
			"lable": "数量",
			"lableEn": "",
			"placeHolder": "",
			"placeHolderEn": "",
			"groupID": "BillGroup2",
			"groupName": "采购明细",
			"groupNameEn": "",
			"orderBy": 8,
			"key": "Number",
			"dataPrecision": "0",
			"roundType": 0,
			"maxLength": 10
		},
		{
			"elementType": 5,
			"readOnly": false,
			"lable": "单位",
			"lableEn": "",
			"placeHolder": "",
			"placeHolderEn": "",
			"groupID": "BillGroup2",
			"groupName": "采购明细",
			"groupNameEn": "",
			"orderBy": 9,
			"key": "Unit",
			"dataPrecision": "0",
			"roundType": 0,
			"maxLength": 10
		},
		{
			"elementType": 5,
			"readOnly": false,
			"lable": "币种",
			"lableEn": "",
			"placeHolder": "",
			"placeHolderEn": "",
			"groupID": "BillGroup2",
			"groupName": "采购明细",
			"groupNameEn": "",
			"orderBy": 10,
			"key": "Currency",
			"dataPrecision": "0",
			"roundType": 0,
			"maxLength": 10
		},
		{
			"elementType": 10,
			"readOnly": false,
			"lable": "参考单价（含税）",
			"lableEn": "",
			"placeHolder": "",
			"placeHolderEn": "",
			"groupID": "BillGroup2",
			"groupName": "采购明细",
			"groupNameEn": "",
			"orderBy": 11,
			"key": "Price",
			"dataPrecision": "2",
			"roundType": 0,
			"maxLength": 10
		},
		{
			"elementType": 10,
			"readOnly": true,
			"lable": "参考金额（含税）",
			"lableEn": "",
			"placeHolder": "",
			"placeHolderEn": "",
			"groupID": "BillGroup2",
			"groupName": "采购明细",
			"groupNameEn": "",
			"orderBy": 12,
			"key": "TotalAmount",
			"dataPrecision": "2",
			"roundType": 0,
			"maxLength": 10
		},
		{
			"elementType": 13,
			"readOnly": true,
			"lable": "附件",
			"lableEn": "",
			"placeHolder": "请选择",
			"placeHolderEn": "",
			"groupID": "BillGroup3",
			"groupName": "附件",
			"groupNameEn": "",
			"format": {},
			"childElement": [],
			"orderBy": 13,
			"key": "Doc_Json",
			"dataPrecision": "0",
			"roundType": 0,
			"maxLength": 20
		}
	],
	"dataSources": [
		{
			"sourceType": 1,
			"sourceKey": "detailRequest",
			"url": "/AppClient/AppGetPurApplyDtlInfo.aspx",
			"requestType": 1,
			"params": {
				"expression": "{\"PurApplyDtlID\":\"%s\"}",
				"paramKey": "BizID"
			}
		},
		{
			"sourceType": 1,
			"sourceKey": "ItemClass",
			"multiSelect": false,
			"url": "/AppClient/AppGetCommonStaticList.aspx",
			"relatedID": "STATIC_ID",
			"localParams": {},
			"modelBindType": 0,
			"requestType": 1,
			"filterID": "",
			"params": {
				"expression": "{\"LegalUnitID\":\"%s\",\"page_number\":\"%s\",\"page_Size\":\"%s\",\"static_cd\":\"%s\"}",
				"paramKey": "legalUnitID,:1,:1000,:ItemClass"
			},
			"modelBinds": [
				{
					"modelKey": "ItemClass",
					"dataSourceKey": "STATIC_VALUE",
					"parentKey": ""
				},
				{
					"modelKey": "ItemClassID",
					"dataSourceKey": "STATIC_ID",
					"parentKey": ""
				},
				{
					"modelKey": "ItemClassCD",
					"dataSourceKey": "STATIC_CD",
					"parentKey": ""
				}
			]
		},
		{
			"sourceType": 1,
			"sourceKey": "ItemCategory",
			"multiSelect": false,
			"url": "/AppClient/AppGetPurItemCategoryList.aspx",
			"relatedID": "ItemCategoryID",
			"localParams": {},
			"modelBindType": 0,
			"requestType": 1,
			"filterID": "",
			"params": {
				"expression": "{\"LegalUnitID\":\"%s\",\"page_number\":\"%s\",\"page_Size\":\"%s\",\"ItemClassID\":\"%s\"}",
				"paramKey": "legalUnitID,:1,:1000,ItemClassID"
			},
			"modelBinds": [
				{
					"modelKey": "ItemCategory",
					"dataSourceKey": "ItemCategory",
					"parentKey": ""
				},
				{
					"modelKey": "ItemCategoryID",
					"dataSourceKey": "ItemCategoryID",
					"parentKey": ""
				},
				{
					"modelKey": "ItemCategoryCD",
					"dataSourceKey": "ItemCategoryCD",
					"parentKey": ""
				}
			]
		},
		{
			"sourceType": 1,
			"sourceKey": "ItemName",
			"multiSelect": false,
			"url": "/AppClient/AppGetPurAssetInfo.aspx",
			"relatedID": "AssetInfoID",
			"localParams": {},
			"modelBindType": 0,
			"requestType": 1,
			"filterID": "",
			"needSearch": true,
			"changeKeys": "ItemSpec,Quality",
			"params": {
				"expression": "{\"LegalUnitID\":\"%s\",\"pageIndex\":\"%s\",\"pageSize\":\"%s\",\"ItemCategoryID\":\"%s\",\"AssetName\":\"%s\"}",
				"paramKey": "legalUnitID,(pn),(ps),ItemCategoryID"
			},
			"modelBinds": [
				{
					"modelKey": "ItemName",
					"dataSourceKey": "AssetInfoName",
					"parentKey": ""
				},
				{
					"modelKey": "AssetInfoName",
					"dataSourceKey": "AssetInfoName",
					"parentKey": ""
				},
				{
					"modelKey": "ItemSpec",
					"dataSourceKey": "ItemSpec",
					"parentKey": ""
				},
				{
					"modelKey": "Quality",
					"dataSourceKey": "Quality",
					"parentKey": ""
				},
				{
					"modelKey": "AssetInfoID",
					"dataSourceKey": "AssetInfoID"
				}
			]
		},
		{
			"sourceType": 0,
			"sourceKey": "Unit",
			"multiSelect": false,
			"url": "",
			"relatedID": "staticID",
			"localParams": {
				"androidWhere": "staticType=%s",
				"iosWhere": "staticType=%@",
				"localKey": ":15"
			},
			"modelBindType": 0,
			"requestType": 1,
			"filterID": "",
			"needSearch": false,
			"modelBinds": [
				{
					"modelKey": "UnitID",
					"dataSourceKey": "staticID",
					"parentKey": ""
				},
				{
					"modelKey": "Unit",
					"dataSourceKey": "staticName",
					"parentKey": ""
				}
			]
		},
		{
			"sourceType": 0,
			"sourceKey": "Currency",
			"multiSelect": false,
			"url": "",
			"relatedID": "staticID",
			"localParams": {
				"androidWhere": "staticType=%s",
				"iosWhere": "staticType=%@",
				"localKey": ":3"
			},
			"modelBindType": 0,
			"requestType": 1,
			"filterID": "",
			"needSearch": false,
			"modelBinds": [
				{
					"modelKey": "CurrencyID",
					"dataSourceKey": "staticID",
					"parentKey": ""
				},
				{
					"modelKey": "CurrencyCD",
					"dataSourceKey": "staticCD",
					"parentKey": ""
				},
				{
					"modelKey": "Currency",
					"dataSourceKey": "staticName",
					"parentKey": ""
				}
			]
		}
	],
	"expression": [
		{
			"key": "TotalAmount",
			"operateType": 2,
			"orderBy": 0,
			"valueType": 1,
			"value": [
				{
					"key": "Price",
					"operateType": 2,
					"orderBy": 0,
					"valueType": 1,
					"value": [],
					"dateType": 1
				},
				{
					"key": "Number",
					"operateType": 0,
					"orderBy": 1,
					"valueType": 0,
					"value": [],
					"dateType": 1
				}
			]
		}
	],
	"validateExpression": [
		{
			"validateKey": "",
			"operateType": 12,
			"message": "请选择采购大类",
			"messageEn": "",
			"valueType": 3,
			"validates": [
				{
					"key": "ItemClass",
					"operateType": 12,
					"orderBy": 0,
					"valueType": 3,
					"value": []
				}
			]
		},
		{
			"validateKey": "",
			"operateType": 12,
			"message": "请选择货劳类别",
			"messageEn": "",
			"valueType": 3,
			"validates": [
				{
					"key": "ItemCategory",
					"operateType": 12,
					"orderBy": 0,
					"valueType": 3,
					"value": []
				}
			]
		},
		{
			"validateKey": "",
			"operateType": 12,
			"message": "请设置货劳明细",
			"messageEn": "",
			"valueType": 3,
			"validates": [
				{
					"key": "ItemName",
					"operateType": 12,
					"orderBy": 0,
					"valueType": 3,
					"value": []
				}
			]
		},
		{
			"validateKey": "",
			"operateType": 12,
			"message": "币种不可为空",
			"messageEn": "",
			"valueType": 3,
			"validates": [
				{
					"key": "Currency",
					"operateType": 12,
					"orderBy": 0,
					"valueType": 3,
					"value": []
				}
			]
		},
		{
			"validateKey": "",
			"operateType": 12,
			"message": "请设置数量",
			"messageEn": "",
			"valueType": 3,
			"validates": [
				{
					"key": "Number",
					"operateType": 12,
					"orderBy": 0,
					"valueType": 0,
					"value": []
				}
			]
		},
		{
			"validateKey": "",
			"operateType": 12,
			"message": "数量必须大于0",
			"messageEn": "",
			"valueType": 3,
			"validates": [
				{
					"key": "Number",
					"operateType": 4,
					"orderBy": 0,
					"valueType": 0,
					"compareValue": "0",
					"value": []
				}
			]
		},
		{
			"validateKey": "",
			"operateType": 12,
			"message": "请输入备注",
			"messageEn": "",
			"valueType": 3,
			"validates": [
				{
					"key": "Remark",
					"operateType": 12,
					"orderBy": 0,
					"valueType": 3,
					"value": []
				}
			]
		},
		{
			"validateKey": "",
			"operateType": 12,
			"message": "请输入参考单价（含税）",
			"messageEn": "",
			"valueType": 3,
			"validates": [
				{
					"key": "Price",
					"operateType": 12,
					"orderBy": 0,
					"valueType": 1,
					"value": []
				}
			]
		},
		{
			"validateKey": "",
			"operateType": 12,
			"message": "参考单价必须大于0",
			"messageEn": "",
			"valueType": 3,
			"validates": [
				{
					"key": "Price",
					"operateType": 4,
					"orderBy": 0,
					"valueType": 1,
					"compareValue": "0",
					"value": []
				}
			]
		},
		{
			"validateKey": "",
			"operateType": 12,
			"message": "请输入参考金额（含税）",
			"messageEn": "",
			"valueType": 3,
			"validates": [
				{
					"key": "TotalAmount",
					"operateType": 12,
					"orderBy": 0,
					"valueType": 1,
					"value": []
				}
			]
		},
		{
			"validateKey": "C",
			"operateType": 5,
			"message": "货劳到货日期应晚于当前时间",
			"messageEn": "",
			"valueType": 1,
			"validates": [
				{
					"key": "ArriveDate",
					"operateType": 4,
					"orderBy": 0,
					"valueType": 2,
					"value": [],
					"dateType": 1
				}
			]
		}
	],
	"legalUnitID": "000007",
	"softControlKey": [
		{
			"softControlKey": "ItemName",
			"operateType": 5,
			"message": "请选择采购大类",
			"messageEn": "",
			"valueType": 1,
			"validates": [
				{
					"key": "ItemClass",
					"operateType": 12,
					"orderBy": 0,
					"valueType": 3,
					"value": []
				}
			]
		},
		{
			"softControlKey": "ItemName",
			"operateType": 5,
			"message": "请选择货劳类别",
			"messageEn": "Please choose businesstype firstly",
			"valueType": 1,
			"validates": [
				{
					"key": "ItemCategory",
					"operateType": 12,
					"orderBy": 0,
					"valueType": 3,
					"value": []
				}
			]
		},
		{
			"softControlKey": "ItemCategory",
			"operateType": 5,
			"message": "请先选择采购大类",
			"messageEn": "Please choose item class firstly",
			"valueType": 1,
			"validates": [
				{
					"key": "ItemClass",
					"operateType": 12,
					"orderBy": 0,
					"valueType": 3,
					"value": []
				}
			]
		}
	],
	"visibleKeys": [],
	"enableKeys": [
		{
			"key": "ItemClass",
			"operateType": 1,
			"orderBy": 0,
			"valueType": 3,
			"value": [
				{
					"key": "PurApplyMstViewInfo",
					"operateType": 11,
					"orderBy": 0,
					"valueType": 3,
					"compareValue": "true",
					"value": []
				}
			]
		},
		{
			"key": "ItemCategory",
			"operateType": 1,
			"orderBy": 0,
			"valueType": 3,
			"value": [
				{
					"key": "PurApplyMstViewInfo",
					"operateType": 11,
					"orderBy": 0,
					"valueType": 3,
					"compareValue": "true",
					"value": []
				}
			]
		},
		{
			"key": "ItemName",
			"operateType": 1,
			"orderBy": 0,
			"valueType": 3,
			"value": [
				{
					"key": "PurApplyMstViewInfo",
					"operateType": 11,
					"orderBy": 0,
					"valueType": 3,
					"compareValue": "true",
					"value": []
				}
			]
		}
	],
	"clearKeys": [
		{
			"key": "ItemClass",
			"affectKeys": "ItemCategory,ItemName,ItemCategoryID",
			"clearCompareKey": "ItemClassCD,STATIC_CD",
			"message": "修改采购大类会清空货劳类别、货劳明细，是否确定修改？",
			"messageEn": "Replacing the travel application form will clear the expense flow"
		},
		{
			"key": "ItemCategory",
			"affectKeys": "ItemName",
			"clearCompareKey": "ItemCategoryID,ItemCategoryID",
			"message": "修改货劳类别会清空货劳明细，是否确定修改？",
			"messageEn": "Replacing the travel application form will clear the expense flow"
		},
		{
			"key": "ItemName",
			"affectKeys": "ItemSpec,Quality",
			"clearCompareKey": "AssetInfoID,AssetInfoID",
			"message": "修改货劳类别会清空规格型号、质量要求，是否确定修改？",
			"messageEn": "Replacing the travel application form will clear the expense flow"
		}
	],
	"transEntities": [
		{
			"modelKey": "BIZ_ID",
			"remoteKey": "BizID",
			"isOutsideKey": false
		},
		{
			"modelKey": "DOC_LIST_COUNT",
			"remoteKey": "DOC_PATHS_COUNT",
			"isOutsideKey": false
		},
		{
			"modelKey": "EditFlag",
			"remoteKey": "action_type",
			"isOutsideKey": true
		},
		{
			"modelKey": "ApplyDeptID",
			"remoteKey": "ApplyDeptID",
			"isOutsideKey": true
		},
		{
			"modelKey": "ApplyDept",
			"remoteKey": "ApplyDept",
			"isOutsideKey": true
		},
		{
			"modelKey": "root",
			"remoteKey": "bizdata",
			"isOutsideKey": true
		},
		{
			"modelKey": "templateID",
			"remoteKey": "BizTableName"
		},
		{
			"modelKey": "detailMobileID",
			"remoteKey": "DETAIL_MOBILE_ID"
		}
	],
	"intKey": "DOC_PATHS_COUNT,RowNumber,SupplierStatus,R_RECORD_STATUS"
}