{
	"pageLevel": 0,
	"templateVersion": "1",
	"documentType": 0,
	"docBusinessType": 3,
	"templateName": "出差行程",
	"simpleName": "出差行程",
	"templateID": "T_TripApply",
	"templateType": "T_TripApply",
	"simpleType": "TT",
	"saveUrl": "",
	"submitUrl": "",
	"elements": [
		{
			"elementType": 7,
			"readOnly": true,
			"lable": "出发时间",
			"lableEn": "",
			"placeHolder": "请选择",
			"placeHolderEn": "",
			"groupID": "BillGroup1",
			"groupName": "时间",
			"groupNameEn": "",
			"format": {
				"expression": "yyyy-MM-dd HH:mm",
				"keys": "BeginTime"
			},
			"childElement": [],
			"orderBy": 5,
			"key": "BeginTime",
			"dataPrecision": "0",
			"roundType": 0,
			"maxLength": 20
		},
		{
			"elementType": 7,
			"readOnly": true,
			"lable": "到达时间",
			"lableEn": "",
			"placeHolder": "请选择",
			"placeHolderEn": "",
			"groupID": "BillGroup1",
			"groupName": "时间",
			"groupNameEn": "",
			"format": {
				"expression": "yyyy-MM-dd HH:mm",
				"keys": "ArrivalTime"
			},
			"childElement": [],
			"orderBy": 7,
			"key": "ArrivalTime",
			"dataPrecision": "0",
			"roundType": 0,
			"maxLength": 20
		},
		{
			"elementType": 17,
			"readOnly": true,
			"lable": "出发城市",
			"lableEn": "",
			"placeHolder": "请选择",
			"placeHolderEn": "",
			"groupID": "BillGroup2",
			"groupName": "城市",
			"groupNameEn": "",
			"format": {},
			"childElement": [],
			"orderBy": 9,
			"key": "LocationFrom",
			"dataPrecision": "0",
			"roundType": 0,
			"maxLength": 20
		},
		{
			"elementType": 17,
			"readOnly": true,
			"lable": "到达城市",
			"lableEn": "",
			"placeHolder": "请选择",
			"placeHolderEn": "",
			"groupID": "BillGroup2",
			"groupName": "城市",
			"groupNameEn": "",
			"format": {},
			"childElement": [],
			"orderBy": 11,
			"key": "LocationTo",
			"dataPrecision": "0",
			"roundType": 0,
			"maxLength": 20
		},
		{
			"elementType": 3,
			"readOnly": true,
			"lable": "",
			"lableEn": "",
			"placeHolder": "",
			"placeHolderEn": "",
			"groupID": "BillGroup3",
			"groupName": "出行方式",
			"groupNameEn": "",
			"format": {},
			"childElement": [],
			"orderBy": 13,
			"key": "TripType",
			"dataPrecision": "0",
			"roundType": 0,
			"maxLength": 20
		},
		{
			"elementType": 4,
			"readOnly": true,
			"lable": "需住宿",
			"lableEn": "",
			"placeHolder": "请选择",
			"placeHolderEn": "",
			"groupID": "BillGroup4",
			"groupName": "住宿",
			"groupNameEn": "",
			"format": {},
			"childElement": [],
			"orderBy": 15,
			"key": "IsNeedHotel",
			"dataPrecision": "0",
			"roundType": 0,
			"maxLength": 20
		},
		{
			"elementType": 8,
			"readOnly": true,
			"lable": "事由备注",
			"lableEn": "",
			"placeHolder": "请输入",
			"placeHolderEn": "",
			"groupID": "BillGroup5",
			"groupName": "备注",
			"groupNameEn": "",
			"format": {},
			"childElement": [],
			"orderBy": 17,
			"key": "Remark",
			"dataPrecision": "0",
			"roundType": 0,
			"maxLength": 250
		}
	],
	"dataSources": [
	{
            "sourceType": 1,
            "sourceKey": "detailRequest",
            "url": "",
            "requestType": 1,
            "params": {}
        },
		{
			"sourceType": 0,
			"sourceKey": "LocationFrom",
			"multiSelect": false,
			"url": "",
			"relatedID": "LocationFromCD",
			"localParams": {},
			"modelBindType": 0,
			"requestType": 0,
			"filterID": "",
			"params": {},
			"modelBinds": [
				{
					"modelKey": "LocationFrom",
					"dataSourceKey": "LOCAL_NAME",
					"parentKey": ""
				},
				{
					"modelKey": "LocationFromCD",
					"dataSourceKey": "LOCAL_CODE",
					"parentKey": ""
				}
			]
		},
		{
			"sourceType": 0,
			"sourceKey": "LocationTo",
			"multiSelect": false,
			"url": "",
			"relatedID": "LocationToCD",
			"requestType": 0,
			"localParams": {},
			"modelBindType": 0,
			"filterID": "",
			"params": {},
			"modelBinds": [
				{
					"modelKey": "LocationTo",
					"dataSourceKey": "LOCAL_NAME",
					"parentKey": ""
				},
				{
					"modelKey": "LocationToCD",
					"dataSourceKey": "LOCAL_CODE",
					"parentKey": ""
				}
			]
		},
		{
			"sourceType": 3,
			"sourceKey": "TripType",
			"multiSelect": false,
			"url": "",
			"relatedID": "",
			"modelBindType": 0,
			"localParams": {},
			"params": {
				"expression": "[{\"staticName\":\"飞机\",\"staticID\":\"trip001\",\"staticCD\":\"10\",\"isDefault\":\"true\"},{\"staticName\":\"火车\",\"staticID\":\"trip002\",\"staticCD\":\"20\"},{\"staticName\":\"其他\",\"staticID\":\"trip003\",\"staticCD\":\"30\"}]"
			},
			"modelBinds": []
		}
	],
	"expression": [],
	"validateExpression": [
		{
			"validateKey": "B",
			"operateType": 5,
			"message": "出发时间不可为空！",
			"messageEn": "should input reasons",
			"valueType": 1,
			"validates": [
				{
					"key": "BeginTime",
					"operateType": 12,
					"orderBy": 0,
					"valueType": 3,
					"value": []
				}
			]
		},
		{
			"validateKey": "B",
			"operateType": 5,
			"message": "到达时间不可为空！",
			"messageEn": "should input reasons",
			"valueType": 1,
			"validates": [
				{
					"key": "ArrivalTime",
					"operateType": 12,
					"orderBy": 0,
					"valueType": 3,
					"value": []
				}
			]
		},
		{
			"validateKey": "B",
			"operateType": 5,
			"message": "出发城市不可为空！",
			"messageEn": "should input reasons",
			"valueType": 1,
			"validates": [
				{
					"key": "LocationFrom",
					"operateType": 12,
					"orderBy": 0,
					"valueType": 3,
					"value": []
				}
			]
		},
		{
			"validateKey": "B",
			"operateType": 5,
			"message": "到达城市不可为空！",
			"messageEn": "should input reasons",
			"valueType": 1,
			"validates": [
				{
					"key": "LocationTo",
					"operateType": 12,
					"orderBy": 0,
					"valueType": 3,
					"value": []
				}
			]
		},
		{
			"validateKey": "B",
			"operateType": 5,
			"message": "事由备注不可为空！",
			"messageEn": "should input reasons",
			"valueType": 1,
			"validates": [
				{
					"key": "Remark",
					"operateType": 12,
					"orderBy": 0,
					"valueType": 3,
					"value": []
				}
			]
		},
		{
			"validateKey": "C",
			"operateType": 5,
			"message": "到达时间不能晚于出发时间！",
			"messageEn": "should input reasons",
			"valueType": 1,
			"validates": [
				{
					"key": "BeginTime",
					"operateType": 6,
					"orderBy": 0,
					"valueType": 2,
					"value": [],
					"dateType": 3
				},
				{
					"key": "ArrivalTime",
					"operateType": 1,
					"orderBy": 1,
					"valueType": 0,
					"value": [],
					"dateType": 3
				}
			]
		},
		{
			"validateKey": "B",
			"operateType": 5,
			"message": "出行方式不可为空！",
			"messageEn": "should input reasons",
			"valueType": 1,
			"validates": [
				{
					"key": "TripType",
					"operateType": 12,
					"orderBy": 0,
					"valueType": 0,
					"value": []
				}
			]
		}
	],
	"legalUnitID": "000007",
	"softControlKey": [],
	"visibleKeys": [],
	"enableKeys": [],
	"clearKeys": []
}