{
	"pageLevel": 0,
	"templateVersion": "1",
	"documentType": 0,
	"docBusinessType": 0,
	"templateName": "Supplier manage",
	"simpleName": "Supplier",
	"templateID": "T_PurSupplier",
	"templateType": "T_PurSupplier",
	"simpleType": "T_PurSupplier",
	"saveUrl": "/AppClient/AppUploadPurSupplier.aspx",
	"submitUrl": "/AppClient/AppUploadPurSupplier.aspx",
	"saveSuccessKey": "SaveSuccess,upload_status",
	"saveFailKey": "upload_message",
	"saveRequestType": 1,
	"elements": [
		{
			"elementType": 2,
			"readOnly": false,
			"lable": "Supplier no",
			"lableEn": "",
			"placeHolder": "Please input",
			"placeHolderEn": "",
			"groupID": "BillGroup1",
			"groupName": "",
			"groupNameEn": "",
			"format": {},
			"childElement": [],
			"orderBy": 3,
			"key": "SupplierCD",
			"dataPrecision": "0",
			"roundType": 0,
			"maxLength": 20
		},
		{
			"elementType": 2,
			"readOnly": false,
			"lable": "Supplier name",
			"lableEn": "",
			"placeHolder": "Please input",
			"placeHolderEn": "",
			"groupID": "BillGroup1",
			"groupName": "",
			"groupNameEn": "",
			"format": {},
			"childElement": [],
			"orderBy": 5,
			"key": "SupplierName",
			"dataPrecision": "0",
			"roundType": 0,
			"maxLength": 20
		},
		{
			"elementType": 5,
			"readOnly": true,
			"lable": "Supplier type",
			"lableEn": "",
			"placeHolder": "Please select",
			"placeHolderEn": "",
			"groupID": "BillGroup1",
			"groupName": "",
			"groupNameEn": "",
			"format": {},
			"childElement": [],
			"orderBy": 7,
			"key": "SupplierType",
			"dataPrecision": "0",
			"roundType": 0,
			"maxLength": 20
		},
		{
			"elementType": 2,
			"readOnly": false,
			"lable": "Taxpayer identification number",
			"lableEn": "",
			"placeHolder": "Please input",
			"placeHolderEn": "",
			"groupID": "BillGroup1",
			"groupName": "",
			"groupNameEn": "",
			"format": {},
			"childElement": [],
			"orderBy": 9,
			"key": "Tax",
			"dataPrecision": "0",
			"roundType": 0,
			"maxLength": 20
		},
		{
			"elementType": 2,
			"readOnly": false,
			"lable": "Bank name",
			"lableEn": "",
			"placeHolder": "Please input",
			"placeHolderEn": "",
			"groupID": "BillGroup1",
			"groupName": "",
			"groupNameEn": "",
			"format": {},
			"childElement": [],
			"orderBy": 11,
			"key": "CompanyAccountBank",
			"dataPrecision": "0",
			"roundType": 0,
			"maxLength": 20
		},
		{
			"elementType": 2,
			"readOnly": false,
			"lable": "Bank account",
			"lableEn": "",
			"placeHolder": "Please input",
			"placeHolderEn": "",
			"groupID": "BillGroup1",
			"groupName": "",
			"groupNameEn": "",
			"format": {},
			"childElement": [],
			"orderBy": 13,
			"key": "Account",
			"dataPrecision": "0",
			"roundType": 0,
			"maxLength": 20
		},
		{
			"elementType": 5,
			"readOnly": true,
			"lable": "Country",
			"lableEn": "",
			"placeHolder": "Please select",
			"placeHolderEn": "",
			"groupID": "BillGroup1",
			"groupName": "",
			"groupNameEn": "",
			"format": {},
			"childElement": [],
			"orderBy": 15,
			"key": "Country",
			"dataPrecision": "0",
			"roundType": 0,
			"maxLength": 20
		},
		{
			"elementType": 5,
			"readOnly": true,
			"lable": "City",
			"lableEn": "",
			"placeHolder": "Please select",
			"placeHolderEn": "",
			"groupID": "BillGroup1",
			"groupName": "",
			"groupNameEn": "",
			"format": {},
			"childElement": [],
			"orderBy": 17,
			"key": "City",
			"dataPrecision": "0",
			"roundType": 0,
			"maxLength": 20
		},
		{
			"elementType": 2,
			"readOnly": false,
			"lable": "LinkMan",
			"lableEn": "",
			"placeHolder": "Please input",
			"placeHolderEn": "",
			"groupID": "BillGroup1",
			"groupName": "",
			"groupNameEn": "",
			"format": {},
			"childElement": [],
			"orderBy": 19,
			"key": "LinkMan",
			"dataPrecision": "0",
			"roundType": 0,
			"maxLength": 20
		},
		{
			"elementType": 2,
			"readOnly": false,
			"lable": "Address",
			"lableEn": "",
			"placeHolder": "Please input",
			"placeHolderEn": "",
			"groupID": "BillGroup1",
			"groupName": "",
			"groupNameEn": "",
			"format": {},
			"childElement": [],
			"orderBy": 21,
			"key": "SupplierAddress",
			"dataPrecision": "0",
			"roundType": 0,
			"maxLength": 20
		},
		{
			"elementType": 2,
			"readOnly": false,
			"lable": "LinkPhone",
			"lableEn": "",
			"placeHolder": "Please input",
			"placeHolderEn": "",
			"groupID": "BillGroup1",
			"groupName": "",
			"groupNameEn": "",
			"format": {},
			"childElement": [],
			"orderBy": 23,
			"key": "LinkPhone",
			"dataPrecision": "0",
			"roundType": 0,
			"maxLength": 20
		},
		{
			"elementType": 2,
			"readOnly": false,
			"lable": "Email",
			"lableEn": "",
			"placeHolder": "Please input",
			"placeHolderEn": "",
			"groupID": "BillGroup1",
			"groupName": "",
			"groupNameEn": "",
			"format": {},
			"childElement": [],
			"orderBy": 25,
			"key": "LinkEmail",
			"dataPrecision": "0",
			"roundType": 0,
			"maxLength": 20
		},
		{
			"elementType": 5,
			"readOnly": true,
			"lable": "Staff size",
			"lableEn": "",
			"placeHolder": "Please select",
			"placeHolderEn": "",
			"groupID": "BillGroup2",
			"groupName": "",
			"groupNameEn": "",
			"format": {},
			"childElement": [],
			"orderBy": 27,
			"key": "UserNums",
			"dataPrecision": "0",
			"roundType": 0,
			"maxLength": 20
		},
		{
			"elementType": 2,
			"readOnly": false,
			"lable": "Legal person",
			"lableEn": "",
			"placeHolder": "Please input",
			"placeHolderEn": "",
			"groupID": "BillGroup2",
			"groupName": "",
			"groupNameEn": "",
			"format": {},
			"childElement": [],
			"orderBy": 29,
			"key": "Corporation",
			"dataPrecision": "0",
			"roundType": 0,
			"maxLength": 20
		},
		{
			"elementType": 5,
			"readOnly": true,
			"lable": "Industry",
			"lableEn": "",
			"placeHolder": "Please select",
			"placeHolderEn": "",
			"groupID": "BillGroup2",
			"groupName": "",
			"groupNameEn": "",
			"format": {},
			"childElement": [],
			"orderBy": 31,
			"key": "Type",
			"dataPrecision": "0",
			"roundType": 0,
			"maxLength": 20
		},
		{
			"elementType": 2,
			"readOnly": false,
			"lable": "Registered capital",
			"lableEn": "",
			"placeHolder": "Please input",
			"placeHolderEn": "",
			"groupID": "BillGroup2",
			"groupName": "",
			"groupNameEn": "",
			"format": {},
			"childElement": [],
			"orderBy": 33,
			"key": "RegisteredCapital",
			"dataPrecision": "0",
			"roundType": 0,
			"maxLength": 20
		},
		{
			"elementType": 2,
			"readOnly": false,
			"lable": "Fax",
			"lableEn": "",
			"placeHolder": "Please input",
			"placeHolderEn": "",
			"groupID": "BillGroup2",
			"groupName": "",
			"groupNameEn": "",
			"format": {},
			"childElement": [],
			"orderBy": 35,
			"key": "Fax",
			"dataPrecision": "0",
			"roundType": 0,
			"maxLength": 20
		},
		{
			"elementType": 5,
			"readOnly": true,
			"lable": "InvoiceType",
			"lableEn": "",
			"placeHolder": "Please select",
			"placeHolderEn": "",
			"groupID": "BillGroup2",
			"groupName": "",
			"groupNameEn": "",
			"format": {},
			"childElement": [],
			"orderBy": 37,
			"key": "InvoiceType",
			"dataPrecision": "0",
			"roundType": 0,
			"maxLength": 20
		},
		{
			"elementType": 9,
			"readOnly": true,
			"lable": "TaxRate",
			"lableEn": "",
			"placeHolder": "Please select",
			"placeHolderEn": "",
			"groupID": "BillGroup2",
			"groupName": "",
			"groupNameEn": "",
			"format": {},
			"childElement": [],
			"orderBy": 39,
			"key": "TaxRate",
			"dataPrecision": "0",
			"roundType": 0,
			"maxLength": 20
		},
		{
			"elementType": 13,
			"readOnly": true,
			"lable": "Attachment",
			"lableEn": "",
			"placeHolder": "Please select",
			"placeHolderEn": "",
			"groupID": "BillGroup10",
			"groupName": "",
			"groupNameEn": "",
			"format": {},
			"childElement": [],
			"orderBy": 50,
			"key": "Doc_Json",
			"dataPrecision": "0",
			"roundType": 0,
			"maxLength": 20
		}
	],
	"dataSources": [
		{
			"sourceType": 1,
			"sourceKey": "detailRequest",
			"url": "/AppClient/AppGetPurSupplierInfo.aspx",
			"requestType": 1,
			"params": {
				"expression": "{\"SupplierID\":\"%s\",\"LegalUnitID\":\"%s\"}",
				"paramKey": "BizID,legalUnitID"
			}
		},
		{
			"sourceType": 0,
			"sourceKey": "Country",
			"multiSelect": false,
			"url": "",
			"relatedID": "staticID",
			"needSearch": true,
			"modelBindType": 0,
			"localParams": {
				"androidWhere": "staticType=%s and staticName like '%%%s%%'",
				"iosWhere": "staticType=%@ and staticName like '*%@*'",
				"localKey": ":13"
			},
			"params": {},
			"modelBinds": [
				{
					"modelKey": "Country",
					"dataSourceKey": "staticName",
					"parentKey": "GetCities"
				},
				{
					"modelKey": "CountryID",
					"dataSourceKey": "staticID",
					"parentKey": "GetCities"
				}
			]
		},
		{
			"sourceType": 0,
			"sourceKey": "UserNums",
			"multiSelect": false,
			"url": "",
			"relatedID": "staticID",
			"modelBindType": 0,
			"localParams": {
				"androidWhere": "staticType=%s",
				"iosWhere": "staticType=%@",
				"localKey": ":6"
			},
			"params": {},
			"modelBinds": [
				{
					"modelKey": "UserNums",
					"dataSourceKey": "staticName",
					"parentKey": "GetCities"
				},
				{
					"modelKey": "UserNumsID",
					"dataSourceKey": "staticID",
					"parentKey": "GetCities"
				}
			]
		},
		{
			"sourceType": 0,
			"sourceKey": "Type",
			"multiSelect": false,
			"url": "",
			"relatedID": "staticID",
			"modelBindType": 0,
			"localParams": {
				"androidWhere": "staticType=%s",
				"iosWhere": "staticType=%@",
				"localKey": ":29"
			},
			"params": {},
			"modelBinds": [
				{
					"modelKey": "Type",
					"dataSourceKey": "staticName",
					"parentKey": "GetCities"
				},
				{
					"modelKey": "TypeID",
					"dataSourceKey": "staticID",
					"parentKey": "GetCities"
				}
			]
		},
		{
			"sourceType": 0,
			"sourceKey": "InvoiceType",
			"multiSelect": false,
			"url": "",
			"relatedID": "staticID",
			"modelBindType": 0,
			"localParams": {
				"androidWhere": "staticType=%s",
				"iosWhere": "staticType=%@",
				"localKey": ":28"
			},
			"params": {},
			"modelBinds": [
				{
					"modelKey": "InvoiceType",
					"dataSourceKey": "staticName"
				},
				{
					"modelKey": "InvoiceTypeID",
					"dataSourceKey": "staticID"
				}
			]
		},
		{
			"sourceType": 0,
			"sourceKey": "TaxRate",
			"multiSelect": false,
			"url": "",
			"relatedID": "staticCD",
			"modelBindType": 0,
			"localParams": {
				"androidWhere": "staticType=%s",
				"iosWhere": "staticType=%@",
				"localKey": ":4"
			},
			"params": {},
			"modelBinds": [
				{
					"modelKey": "TaxRate",
					"dataSourceKey": "staticName"
				},
				{
					"modelKey": "TaxRateCD",
					"dataSourceKey": "staticCD"
				}
			]
		},
		{
			"sourceType": 0,
			"sourceKey": "SupplierType",
			"multiSelect": false,
			"url": "",
			"relatedID": "staticID",
			"modelBindType": 0,
			"localParams": {
				"androidWhere": "staticType=%s",
				"iosWhere": "staticType=%@",
				"localKey": ":23"
			},
			"params": {},
			"modelBinds": [
				{
					"modelKey": "SupplierType",
					"dataSourceKey": "staticName"
				},
				{
					"modelKey": "SupplierTypeCD",
					"dataSourceKey": "staticID"
				}
			]
		},
		{
			"sourceType": 0,
			"sourceKey": "City",
			"multiSelect": false,
			"url": "",
			"relatedID": "staticID",
			"needSearch": true,
			"modelBindType": 0,
			"localParams": {
				"androidWhere": "staticType=%s and dimension2 like '%%%s%%' and staticName like '%%%s%%'",
				"iosWhere": "staticType=%@ and dimension2 like '*%@*' and staticName like '*%@*'",
				"localKey": ":14,CountryID"
			},
			"params": {},
			"modelBinds": [
				{
					"modelKey": "City",
					"dataSourceKey": "staticName"
				},
				{
					"modelKey": "CityID",
					"dataSourceKey": "staticID"
				}
			]
		}
	],
	"expression": [],
	"validateExpression": [
		{
			"validateKey": "B",
			"operateType": 5,
			"message": "Supplier no cannot be empty!",
			"messageEn": "should input supplier name",
			"valueType": 1,
			"validates": [
				{
					"key": "SupplierCD",
					"operateType": 12,
					"orderBy": 0,
					"valueType": 3,
					"value": []
				}
			]
		},
		{
			"validateKey": "B",
			"operateType": 5,
			"message": "Supplier name cannot be empty!",
			"messageEn": "should input supplier name",
			"valueType": 1,
			"validates": [
				{
					"key": "SupplierName",
					"operateType": 12,
					"orderBy": 0,
					"valueType": 3,
					"value": []
				}
			]
		},
		{
			"validateKey": "B",
			"operateType": 5,
			"message": "Supplier type cannot be empty!",
			"messageEn": "should input supplier name",
			"valueType": 1,
			"validates": [
				{
					"key": "SupplierType",
					"operateType": 12,
					"orderBy": 0,
					"valueType": 3,
					"value": []
				}
			]
		},
		{
			"validateKey": "D",
			"operateType": 5,
			"message": "Bank name cannot be empty!",
			"messageEn": "should input company account bank",
			"valueType": 1,
			"validates": [
				{
					"key": "CompanyAccountBank",
					"operateType": 12,
					"orderBy": 0,
					"valueType": 3,
					"value": []
				}
			]
		},
		{
			"validateKey": "E",
			"operateType": 5,
			"message": "Bank account cannot be empty!",
			"messageEn": "should input company account",
			"valueType": 1,
			"validates": [
				{
					"key": "Account",
					"operateType": 12,
					"orderBy": 0,
					"valueType": 3,
					"value": []
				}
			]
		}
	],
	"legalUnitID": "000007",
	"softControlKey": [
		{
			"softControlKey": "City",
			"operateType": 5,
			"message": "Please select city first!",
			"messageEn": "Please choose businesstype firstly",
			"valueType": 1,
			"validates": [
				{
					"key": "Country",
					"operateType": 12,
					"orderBy": 0,
					"valueType": 3,
					"value": []
				}
			]
		}
	],
	"visibleKeys": [],
	"enableKeys": [],
	"clearKeys": [
		{
			"key": "Country",
			"affectKeys": "City",
			"clearCompareKey": "CountryID,staticID",
			"message": "Modifying the country, will clear the information of the city, is it confirmed to be modified?",
			"messageEn": "Replacing the travel application form will clear the expense flow"
		}
	],
	"transEntities": [
		{
			"modelKey": "DOC_LIST_COUNT",
			"remoteKey": "DOC_PATHS_COUNT",
			"isOutsideKey": false
		},
		{
			"modelKey": "EditFlag",
			"remoteKey": "action_type",
			"isOutsideKey": true
		},
		{
			"modelKey": "root",
			"remoteKey": "bizdata",
			"isOutsideKey": true
		},
		{
			"modelKey": "BIZ_ID",
			"remoteKey": "SupplierID",
			"isOutsideKey": false
		},
		{
			"modelKey": "applyStatus",
			"remoteKey": "SupplierStatus"
		},
		{
			"modelKey": "detailMobileID",
			"remoteKey": "DETAIL_MOBILE_ID"
		}
	],
	"intKey": "DOC_PATHS_COUNT,RowNumber,SupplierStatus,R_RECORD_STATUS,ESupplierStatus,TaxRate"
}