{
	"pageLevel": 0,
	"templateVersion": "1",
	"documentType": 0,
	"docBusinessType": 0,
	"templateName": "合同签批单",
	"simpleName": "合同签批",
	"templateID": "T_PurCotrSign",
	"templateType": "T_PurCotrSign",
	"simpleType": "PS",
	"saveUrl": "/AppClient/AppUploadPurCotrSign.aspx",
	"submitUrl": "/AppClient/AppUploadPurCotrSign.aspx",
	"saveSuccessKey": "SaveSuccess,upload_status",
	"saveFailKey": "upload_message",
	"saveRequestType": 1,
	"elements": [
		{
			"elementType": 3,
			"readOnly": true,
			"lable": "",
			"lableEn": "",
			"placeHolder": "",
			"placeHolderEn": "",
			"groupID": "BillGroup1",
			"groupName": "申请信息",
			"groupNameEn": "",
			"format": {},
			"childElement": [],
			"orderBy": 3,
			"key": "ChooseApproval",
			"dataPrecision": "0",
			"roundType": 0,
			"maxLength": 20
		},
		{
			"elementType": 5,
			"readOnly": true,
			"lable": "合同类型",
			"lableEn": "",
			"placeHolder": "请选择",
			"placeHolderEn": "",
			"groupID": "BillGroup1",
			"groupName": "申请信息",
			"groupNameEn": "",
			"format": {},
			"childElement": [],
			"orderBy": 5,
			"key": "PurApplyTypeName",
			"dataPrecision": "0",
			"roundType": 0,
			"maxLength": 20
		},
		{
			"elementType": 5,
			"readOnly": true,
			"lable": "合同主经办人",
			"lableEn": "",
			"placeHolder": "请选择",
			"placeHolderEn": "",
			"groupID": "BillGroup1",
			"groupName": "申请信息",
			"groupNameEn": "",
			"format": {},
			"childElement": [],
			"orderBy": 7,
			"key": "PurCotrOperator",
			"dataPrecision": "0",
			"roundType": 0,
			"maxLength": 20
		},
		{
			"elementType": 5,
			"readOnly": true,
			"lable": "合同承办部门",
			"lableEn": "",
			"placeHolder": "请选择",
			"placeHolderEn": "",
			"groupID": "BillGroup1",
			"groupName": "申请信息",
			"groupNameEn": "",
			"format": {},
			"childElement": [],
			"orderBy": 9,
			"key": "PurCotrDept",
			"dataPrecision": "0",
			"roundType": 0,
			"maxLength": 20
		},
		{
			"elementType": 5,
			"readOnly": true,
			"lable": "申请部门",
			"lableEn": "",
			"placeHolder": "请选择",
			"placeHolderEn": "",
			"groupID": "BillGroup2",
			"groupName": "入账信息",
			"groupNameEn": "",
			"format": {},
			"childElement": [],
			"orderBy": 11,
			"key": "CostCenterName",
			"dataPrecision": "0",
			"roundType": 0,
			"maxLength": 20
		},
		{
			"elementType": 5,
			"readOnly": true,
			"lable": "入账部门",
			"lableEn": "",
			"placeHolder": "请选择",
			"placeHolderEn": "",
			"groupID": "BillGroup2",
			"groupName": "入账信息",
			"groupNameEn": "",
			"format": {},
			"childElement": [],
			"orderBy": 13,
			"key": "ChargeCostCenter",
			"dataPrecision": "0",
			"roundType": 0,
			"maxLength": 20
		},
		{
			"elementType": 5,
			"readOnly": true,
			"lable": "入账项目",
			"lableEn": "",
			"placeHolder": "请选择",
			"placeHolderEn": "",
			"groupID": "BillGroup2",
			"groupName": "入账信息",
			"groupNameEn": "",
			"format": {},
			"childElement": [],
			"orderBy": 15,
			"key": "Project",
			"dataPrecision": "0",
			"roundType": 0,
			"maxLength": 20
		},
		{
			"elementType": 5,
			"readOnly": true,
			"lable": "采购大类",
			"lableEn": "",
			"placeHolder": "请选择",
			"placeHolderEn": "",
			"groupID": "BillGroup2",
			"groupName": "入账信息",
			"groupNameEn": "",
			"format": {},
			"childElement": [],
			"orderBy": 17,
			"key": "ItemClass",
			"dataPrecision": "0",
			"roundType": 0,
			"maxLength": 20
		},
		{
			"elementType": 5,
			"readOnly": true,
			"lable": "货劳类别",
			"lableEn": "",
			"placeHolder": "请选择",
			"placeHolderEn": "",
			"groupID": "BillGroup2",
			"groupName": "入账信息",
			"groupNameEn": "",
			"format": {},
			"childElement": [],
			"orderBy": 19,
			"key": "ItemCategory",
			"dataPrecision": "0",
			"roundType": 0,
			"maxLength": 20
		},
		{
			"elementType": 8,
			"readOnly": true,
			"lable": "申请事由",
			"lableEn": "",
			"placeHolder": "请输入",
			"placeHolderEn": "",
			"groupID": "BillGroup2",
			"groupName": "申请信息",
			"groupNameEn": "",
			"format": {},
			"childElement": [],
			"orderBy": 21,
			"key": "Remark",
			"dataPrecision": "0",
			"roundType": 0,
			"maxLength": 20
		},
		{
			"elementType": 5,
			"readOnly": true,
			"lable": "供应商",
			"lableEn": "",
			"placeHolder": "请选择",
			"placeHolderEn": "",
			"groupID": "BillGroup3",
			"groupName": "供应商信息",
			"groupNameEn": "",
			"format": {},
			"childElement": [],
			"orderBy": 23,
			"key": "SupplierName",
			"dataPrecision": "0",
			"roundType": 0,
			"maxLength": 20
		},
		{
			"elementType": 0,
			"readOnly": true,
			"lable": "供应商类型",
			"lableEn": "",
			"placeHolder": "",
			"placeHolderEn": "",
			"groupID": "BillGroup3",
			"groupName": "供应商信息",
			"groupNameEn": "",
			"format": {},
			"childElement": [],
			"orderBy": 25,
			"key": "SupplierType",
			"dataPrecision": "0",
			"roundType": 0,
			"maxLength": 20
		},
		{
			"elementType": 0,
			"readOnly": true,
			"lable": "联系人",
			"lableEn": "",
			"placeHolder": "",
			"placeHolderEn": "",
			"groupID": "BillGroup3",
			"groupName": "供应商信息",
			"groupNameEn": "",
			"format": {},
			"childElement": [],
			"orderBy": 27,
			"key": "LinkMan",
			"dataPrecision": "0",
			"roundType": 0,
			"maxLength": 20
		},
		{
			"elementType": 0,
			"readOnly": true,
			"lable": "联系电话",
			"lableEn": "",
			"placeHolder": "",
			"placeHolderEn": "",
			"groupID": "BillGroup3",
			"groupName": "供应商信息",
			"groupNameEn": "",
			"format": {},
			"childElement": [],
			"orderBy": 29,
			"key": "LinkPhone",
			"dataPrecision": "0",
			"roundType": 0,
			"maxLength": 20
		},
		{
			"elementType": 0,
			"readOnly": true,
			"lable": "联系邮箱",
			"lableEn": "",
			"placeHolder": "",
			"placeHolderEn": "",
			"groupID": "BillGroup3",
			"groupName": "供应商信息",
			"groupNameEn": "",
			"format": {},
			"childElement": [],
			"orderBy": 31,
			"key": "LinkEmail",
			"dataPrecision": "0",
			"roundType": 0,
			"maxLength": 20
		},
		{
			"elementType": 14,
			"readOnly": true,
			"lable": "关联采购明细",
			"lableEn": "",
			"placeHolder": "",
			"placeHolderEn": "",
			"groupID": "BillGroup4",
			"groupName": "",
			"groupNameEn": "",
			"format": {},
			"childElement": [],
			"orderBy": 33,
			"key": "PurApplyDtlList",
			"dataPrecision": "0",
			"roundType": 0,
			"maxLength": 20,
			"pageLevel": 2
		},
		{
			"elementType": 14,
			"readOnly": true,
			"lable": "合同明细",
			"lableEn": "",
			"placeHolder": "",
			"placeHolderEn": "",
			"groupID": "BillGroup5",
			"groupName": "",
			"groupNameEn": "",
			"format": {},
			"childElement": [],
			"orderBy": 35,
			"key": "PurCotrDtlList",
			"dataPrecision": "0",
			"roundType": 0,
			"maxLength": 20,
			"pageLevel": 2
		},
		{
			"elementType": 13,
			"readOnly": true,
			"lable": "附件",
			"lableEn": "",
			"placeHolder": "请选择",
			"placeHolderEn": "",
			"groupID": "BillGroup10",
			"groupName": "附件",
			"groupNameEn": "",
			"format": {},
			"childElement": [],
			"orderBy": 50,
			"key": "Doc_Json",
			"dataPrecision": "0",
			"roundType": 0,
			"maxLength": 20
		}
	],
	"dataSources": [
		{
			"sourceType": 1,
			"sourceKey": "detailRequest",
			"url": "/AppClient/AppGetPurCotrSignInfo.aspx",
			"requestType": 1,
			"params": {
				"expression": "{\"PurCotrSignID\":\"%s\"}",
				"paramKey": "BizID"
			}
		},
		{
			"sourceType": 3,
			"sourceKey": "ChooseApproval",
			"multiSelect": true,
			"url": "",
			"relatedID": "",
			"modelBindType": 2,
			"localParams": {},
			"params": {
				"expression": "[{\"staticName\":\"法务签批\",\"staticID\":\"10\",\"staticCD\":\"10\"},{\"staticName\":\"财务签批\",\"staticID\":\"20\",\"staticCD\":\"20\"},{\"staticName\":\"采购部确认\",\"staticID\":\"30\",\"staticCD\":\"30\"}]"
			},
			"modelBinds": []
		},
		{
			"sourceType": 0,
			"sourceKey": "PurApplyTypeName",
			"multiSelect": false,
			"url": "",
			"relatedID": "staticID",
			"modelBindType": 0,
			"localParams": {
				"androidWhere": "staticType=%s",
				"iosWhere": "staticType=%@",
				"localKey": ":27"
			},
			"params": {},
			"modelBinds": [
				{
					"modelKey": "PurApplyTypeName",
					"dataSourceKey": "staticName"
				},
				{
					"modelKey": "PurApplyType",
					"dataSourceKey": "staticID"
				}
			]
		},
		{
			"sourceType": 1,
			"sourceKey": "PurCotrOperator",
			"multiSelect": false,
			"url": "/AppClient/AppGetCommonEmployeeList.aspx",
			"relatedID": "EmployeeID",
			"modelBindType": 0,
			"requestType": 1,
			"localParams": {},
			"params": {
				"expression": "{\"LegalUnitID\":\"%s\"}",
				"paramKey": "legalUnitID"
			},
			"modelBinds": [
				{
					"modelKey": "PurCotrOperator",
					"dataSourceKey": "EmployeeName"
				},
				{
					"modelKey": "PurCotrOperatorID",
					"dataSourceKey": "EmployeeID"
				}
			]
		},
		{
			"sourceType": 1,
			"sourceKey": "PurCotrDept",
			"multiSelect": false,
			"url": "/api/BaseData/GetAllORGByLegalUnitID",
			"relatedID": "staticID",
			"modelBindType": 0,
			"changeKeys": "",
			"requestType": 0,
			"localParams": {},
			"needSearch": true,
			"params": {
				"expression": "{\"LegalUnitID\":\"%s\",\"Page\":\"%s\",\"PageSize\":\"%s\",\"staticName\":\"%s\"}",
				"paramKey": "legalUnitID,(pn),(ps)"
			},
			"modelBinds": [
				{
					"modelKey": "PurCotrDept",
					"dataSourceKey": "staticName"
				},
				{
					"modelKey": "PurCotrDeptID",
					"dataSourceKey": "staticID"
				}
			]
		},
		{
			"sourceType": 0,
			"sourceKey": "ChargeCostCenter",
			"multiSelect": false,
			"url": "",
			"relatedID": "staticID",
			"modelBindType": 0,
			"localParams": {
				"androidWhere": "staticType=%s",
				"iosWhere": "staticType=%@",
				"localKey": ":8"
			},
			"params": {},
			"modelBinds": [
				{
					"modelKey": "ChargeCostCenter",
					"dataSourceKey": "staticName"
				},
				{
					"modelKey": "ChargeCostCenterID",
					"dataSourceKey": "staticID"
				},
				{
					"modelKey": "ChargeCostCenterCD",
					"dataSourceKey": "staticCD"
				}
			]
		},
		{
			"sourceType": 1,
			"sourceKey": "CostCenterName",
			"multiSelect": false,
			"url": "/api/Account/GetOrgListByEntity",
			"relatedID": "OrgGUID",
			"modelBindType": 0,
			"localParams": {},
			"requestType": 0,
			"params": {
				"expression": "{\"LegalUnitID\":\"%s\",\"OrgType\":\"%s\",\"Page\":\"%s\",\"PageSize\":\"%s\"}",
				"paramKey": "legalUnitID,:1,(pn),(ps)"
			},
			"modelBinds": [
				{
					"modelKey": "CostCenterName",
					"dataSourceKey": "FullPathName",
					"parentKey": ""
				},
				{
					"modelKey": "CostCenterID",
					"dataSourceKey": "OrgGUID",
					"parentKey": ""
				}
			]
		},
		{
			"sourceType": 1,
			"sourceKey": "Project",
			"multiSelect": false,
			"url": "/api/BaseData/GetProjectByChargeCostCenterID",
			"relatedID": "staticID",
			"modelBindType": 0,
			"changeKeys": "",
			"localParams": {},
			"requestType": 0,
			"params": {
				"expression": "{\"LegalUnitID\":\"%s\",\"ChargeCostCenterID\":\"%s\",\"Page\":\"%s\",\"PageSize\":\"%s\"}",
				"paramKey": "legalUnitID,ChargeCostCenterID,(pn),(ps)"
			},
			"modelBinds": [
				{
					"modelKey": "Project",
					"dataSourceKey": "staticName",
					"parentKey": "GetCities"
				},
				{
					"modelKey": "ProjectID",
					"dataSourceKey": "staticID",
					"parentKey": "GetCities"
				}
			]
		},
		{
			"sourceType": 1,
			"sourceKey": "ItemClass",
			"multiSelect": false,
			"url": "/AppClient/AppGetCommonStaticList.aspx",
			"relatedID": "STATIC_ID",
			"localParams": {},
			"modelBindType": 0,
			"requestType": 1,
			"filterID": "",
			"params": {
				"expression": "{\"LegalUnitID\":\"%s\",\"page_number\":\"%s\",\"page_Size\":\"%s\",\"static_cd\":\"%s\"}",
				"paramKey": "legalUnitID,:1,:1000,:ItemClass"
			},
			"modelBinds": [
				{
					"modelKey": "ItemClass",
					"dataSourceKey": "STATIC_VALUE",
					"parentKey": ""
				},
				{
					"modelKey": "ItemClassID",
					"dataSourceKey": "STATIC_ID",
					"parentKey": ""
				},
				{
					"modelKey": "ItemClassCD",
					"dataSourceKey": "STATIC_CD",
					"parentKey": ""
				}
			]
		},
		{
			"sourceType": 1,
			"sourceKey": "SupplierName",
			"multiSelect": false,
			"url": "/AppClient/AppGetSupplierInfoList.aspx",
			"relatedID": "SupplierID",
			"localParams": {},
			"modelBindType": 0,
			"filterID": "",
			"changeKeys": "LinkMan,LinkPhone,LinkEmail,SupplierType",
			"requestType": 1,
			"params": {
				"expression": "{\"LegalUnitID\":\"%s\",\"page_number\":\"%s\",\"page_Size\":\"%s\",\"isAll\":\"%s\",\"SupplierStatus\":\"%s\"}",
				"paramKey": "legalUnitID,(pn),(ps),:true,:2"
			},
			"modelBinds": [
				{
					"modelKey": "SupplierName",
					"dataSourceKey": "SupplierName"
				},
				{
					"modelKey": "SupplierID",
					"dataSourceKey": "SupplierID"
				},
				{
					"modelKey": "SupplierType",
					"dataSourceKey": "SupplierType"
				},
				{
					"modelKey": "LinkMan",
					"dataSourceKey": "LinkMan"
				},
				{
					"modelKey": "LinkPhone",
					"dataSourceKey": "LinkPhone"
				},
				{
					"modelKey": "LinkEmail",
					"dataSourceKey": "LinkEmail"
				}
			]
		},
		{
			"sourceType": 2,
			"sourceKey": "PurCotrDtlList",
			"multiSelect": false,
			"url": "",
			"relatedID": "",
			"localParams": {},
			"modelBindType": 2,
			"filterID": "",
			"newModuleID": "T_PurCotrDtl",
			"newModuleTemType": "T_PurCotrDtl",
			"params": {
				"expression": "{\"ItemClass\":\"%s\",\"ItemClassID\":\"%s\",\"ItemClassCD\":\"%s\",\"ItemCategory\":\"%s\",\"ItemCategoryID\":\"%s\",\"BILL_TYPE_NAME\":\"T_PurCotrDtl\"}",
				"paramKey": "ItemClass,ItemClassID,ItemClassCD,ItemCategory,ItemCategoryID"
			},
			"needEditFlagKey": "",
			"modelBinds": [
				{
					"modelKey": "BizIcon",
					"dataSourceKey": "BizIcon"
				},
				{
					"modelKey": "Title",
					"dataSourceKey": "Title"
				},
				{
					"modelKey": "Desc1",
					"dataSourceKey": "Desc1"
				},
				{
					"modelKey": "Desc2",
					"dataSourceKey": "Desc2"
				},
				{
					"modelKey": "EditFlag",
					"dataSourceKey": "EditFlag"
				},
				{
					"modelKey": "ItemClass",
					"dataSourceKey": "ItemClass"
				},
				{
					"modelKey": "ItemClassCD",
					"dataSourceKey": "ItemClassCD"
				},
				{
					"modelKey": "ItemClassID",
					"dataSourceKey": "ItemClassID"
				},
				{
					"modelKey": "TotalAmount",
					"dataSourceKey": "TotalAmount"
				},
				{
					"modelKey": "ItemName",
					"dataSourceKey": "ItemName"
				},
				{
					"modelKey": "Number",
					"dataSourceKey": "Number"
				},
				{
					"modelKey": "Price",
					"dataSourceKey": "Price"
				},
				{
					"modelKey": "Currency",
					"dataSourceKey": "Currency"
				},
				{
					"modelKey": "CurrencyCD",
					"dataSourceKey": "CurrencyCD"
				},
				{
					"modelKey": "CurrencyID",
					"dataSourceKey": "CurrencyID"
				},
				{
					"modelKey": "templateID",
					"dataSourceKey": "templateID"
				},
				{
					"modelKey": "BILL_TYPE_NAME",
					"dataSourceKey": "BILL_TYPE_NAME"
				},
				{
					"modelKey": "detailMobileID",
					"dataSourceKey": "detailMobileID"
				},
				{
					"modelKey": "BIZ_ID",
					"dataSourceKey": "BIZ_ID"
				},
				{
					"modelKey": "ItemCategory",
					"dataSourceKey": "ItemCategory"
				},
				{
					"modelKey": "ItemCategoryID",
					"dataSourceKey": "ItemCategoryID"
				},
				{
					"modelKey": "SupplierName",
					"dataSourceKey": "SupplierName"
				},
				{
					"modelKey": "SupplierID",
					"dataSourceKey": "SupplierID"
				},
				{
					"modelKey": "SupplierID",
					"dataSourceKey": "SupplierID"
				},
				{
					"modelKey": "AssetInfoID",
					"dataSourceKey": "AssetInfoID"
				},
				{
					"modelKey": "AssetInfoName",
					"dataSourceKey": "AssetInfoName"
				},
				{
					"modelKey": "TaxRate",
					"dataSourceKey": "TaxRate"
				},
				{
					"modelKey": "Tax",
					"dataSourceKey": "Tax"
				},
				{
					"modelKey": "legalUnitID",
					"dataSourceKey": "legalUnitID"
				},
				{
					"modelKey": "itemLableText",
					"itemLableText": "[{\"lableText\":\"货劳名称：\",\"modelKey\":\"AssetInfoName\"},{\"lableText\":\"采购数量：\",\"modelKey\":\"Number\"},{\"lableText\":\"参考单价(含税)：\",\"modelKey\":\"Price\"},{\"lableText\":\"参考金额(含税)：\",\"modelKey\":\"TotalAmount\"}]",
					"needLocalDeployKey": true
				},
				{
					"modelKey": "iconUrl",
					"itemLableText": "/Files/App/Icon/todo/fkb_icon_yzhkd.png",
					"needLocalDeployKey": true
				}
			]
		},
		{
			"sourceType": 1,
			"sourceKey": "PurApplyDtlList",
			"multiSelect": true,
			"url": "/AppClient/AppGetPurApplyDtlRelation.aspx",
			"relatedID": "DETAIL_MOBILE_ID",
			"localParams": {},
			"modelBindType": 2,
			"filterID": "ItemClassID,ItemClassID",
			"changeKeys": "",
			"requestType": 1,
			"returnOld": false,
			"needEditFlagKey": "PurApplyDtlList,PurApplyDtlList",
			"params": {
				"expression": "{\"LegalUnitID\":\"%s\",\"ItemClassID\":\"%s\",\"action_type\":\"%s\",\"page_number\":\"%s\",\"page_size\":\"%s\",\"ItemCategoryID\":\"%s\"}",
				"paramKey": "legalUnitID,ItemClassID,:1,(pn),(ps),ItemCategoryID"
			},
			"modelBinds": [
				{
					"modelKey": "BizIcon",
					"dataSourceKey": "BizIcon",
					"parentKey": ""
				},
				{
					"modelKey": "Title",
					"dataSourceKey": "Title",
					"parentKey": ""
				},
				{
					"modelKey": "Desc1",
					"dataSourceKey": "Desc1",
					"parentKey": ""
				},
				{
					"modelKey": "Desc2",
					"dataSourceKey": "Desc2",
					"parentKey": ""
				},
				{
					"modelKey": "TotalAmountStr",
					"dataSourceKey": "TotalAmountStr",
					"parentKey": ""
				},
				{
					"modelKey": "BizIcon",
					"dataSourceKey": "BizIcon",
					"parentKey": ""
				},
				{
					"modelKey": "ESupplierStatus",
					"dataSourceKey": "ESupplierStatus",
					"parentKey": ""
				},
				{
					"modelKey": "SupplierTypeCD",
					"dataSourceKey": "SupplierTypeCD",
					"parentKey": ""
				},
				{
					"modelKey": "DETAIL_MOBILE_ID",
					"dataSourceKey": "DETAIL_MOBILE_ID",
					"parentKey": ""
				},
				{
					"modelKey": "SupplierType",
					"dataSourceKey": "SupplierType",
					"parentKey": ""
				},
				{
					"modelKey": "BizID",
					"dataSourceKey": "BizID",
					"parentKey": ""
				},
				{
					"modelKey": "BizTableName",
					"dataSourceKey": "BizTableName",
					"parentKey": ""
				},
				{
					"modelKey": "LegalUnitID",
					"dataSourceKey": "LegalUnitID",
					"parentKey": ""
				},
				{
					"modelKey": "LegalUnitCD",
					"dataSourceKey": "LegalUnitCD",
					"parentKey": ""
				},
				{
					"modelKey": "PurApplyDtlID",
					"dataSourceKey": "PurApplyDtlID",
					"parentKey": ""
				},
				{
					"modelKey": "PurApplyDtlCD",
					"dataSourceKey": "PurApplyDtlCD",
					"parentKey": ""
				},
				{
					"modelKey": "PurApplyMstID",
					"dataSourceKey": "PurApplyMstID",
					"parentKey": ""
				},
				{
					"modelKey": "Title",
					"dataSourceKey": "Title",
					"parentKey": ""
				},
				{
					"modelKey": "Desc1",
					"dataSourceKey": "Desc1",
					"parentKey": ""
				},
				{
					"modelKey": "Desc2",
					"dataSourceKey": "Desc2",
					"parentKey": ""
				},
				{
					"modelKey": "PurApplyMstCD",
					"dataSourceKey": "PurApplyMstCD",
					"parentKey": ""
				},
				{
					"modelKey": "AssetInfoID",
					"dataSourceKey": "AssetInfoID",
					"parentKey": ""
				},
				{
					"modelKey": "AssetInfoName",
					"dataSourceKey": "AssetInfoName",
					"parentKey": ""
				},
				{
					"modelKey": "ItemCategoryID",
					"dataSourceKey": "ItemCategoryID",
					"parentKey": ""
				},
				{
					"modelKey": "ItemCategory",
					"dataSourceKey": "ItemCategory",
					"parentKey": ""
				},
				{
					"modelKey": "ItemCD",
					"dataSourceKey": "ItemCD",
					"parentKey": ""
				},
				{
					"modelKey": "ItemName",
					"dataSourceKey": "ItemName",
					"parentKey": ""
				},
				{
					"modelKey": "ItemSpec",
					"dataSourceKey": "ItemSpec",
					"parentKey": ""
				},
				{
					"modelKey": "ArriveDate",
					"dataSourceKey": "ArriveDate",
					"parentKey": ""
				},
				{
					"modelKey": "UnitID",
					"dataSourceKey": "UnitID",
					"parentKey": ""
				},
				{
					"modelKey": "Unit",
					"dataSourceKey": "Unit",
					"parentKey": ""
				},
				{
					"modelKey": "Number",
					"dataSourceKey": "Number",
					"parentKey": ""
				},
				{
					"modelKey": "CurrencyID",
					"dataSourceKey": "CurrencyID",
					"parentKey": ""
				},
				{
					"modelKey": "CurrencyCD",
					"dataSourceKey": "CurrencyCD",
					"parentKey": ""
				},
				{
					"modelKey": "Currency",
					"dataSourceKey": "Currency",
					"parentKey": ""
				},
				{
					"modelKey": "Price",
					"dataSourceKey": "Price",
					"parentKey": ""
				},
				{
					"modelKey": "TotalAmount",
					"dataSourceKey": "TotalAmount",
					"parentKey": ""
				},
				{
					"modelKey": "Remark",
					"dataSourceKey": "Remark",
					"parentKey": ""
				},
				{
					"modelKey": "CreatDate",
					"dataSourceKey": "CreatDate",
					"parentKey": ""
				},
				{
					"modelKey": "Creat_User",
					"dataSourceKey": "Creat_User",
					"parentKey": ""
				},
				{
					"modelKey": "SupplierID",
					"dataSourceKey": "SupplierID",
					"parentKey": ""
				},
				{
					"modelKey": "SupplierName",
					"dataSourceKey": "SupplierName",
					"parentKey": ""
				},
				{
					"modelKey": "ApplyCD",
					"dataSourceKey": "ApplyCD",
					"parentKey": ""
				},
				{
					"modelKey": "ApplyName",
					"dataSourceKey": "ApplyName",
					"parentKey": ""
				},
				{
					"modelKey": "ItemClassID",
					"dataSourceKey": "ItemClassID",
					"parentKey": ""
				},
				{
					"modelKey": "ItemClassCD",
					"dataSourceKey": "ItemClassCD",
					"parentKey": ""
				},
				{
					"modelKey": "ItemClass",
					"dataSourceKey": "ItemClass",
					"parentKey": ""
				},
				{
					"modelKey": "templateID",
					"dataSourceKey": "templateID"
				},
				{
					"modelKey": "detailMobileID",
					"dataSourceKey": "DETAIL_MOBILE_ID",
					"parentKey": ""
				},
				{
					"modelKey": "detailMobileID",
					"dataSourceKey": "detailMobileID"
				}
			]
		},
		{
			"sourceType": 1,
			"sourceKey": "ItemCategory",
			"multiSelect": false,
			"url": "/AppClient/AppGetPurItemCategoryList.aspx",
			"relatedID": "ItemCategoryID",
			"modelBindType": 0,
			"changeKeys": "",
			"requestType": 1,
			"localParams": {},
			"params": {
				"expression": "{\"LegalUnitID\":\"%s\",\"page_number\":\"%s\",\"page_Size\":\"%s\",\"ItemClassID\":\"%s\"}",
				"paramKey": "legalUnitID,:1,:1000,ItemClassID"
			},
			"modelBinds": [
				{
					"modelKey": "ItemCategory",
					"dataSourceKey": "ItemCategory"
				},
				{
					"modelKey": "ItemCategoryID",
					"dataSourceKey": "ItemCategoryID"
				}
			]
		}
	],
	"expression": [],
	"validateExpression": [
		{
			"validateKey": "A",
			"operateType": 5,
			"message": "申请事由不可为空！",
			"messageEn": "should input reasons",
			"valueType": 1,
			"validates": [
				{
					"key": "Remark",
					"operateType": 12,
					"orderBy": 0,
					"valueType": 3,
					"value": []
				}
			]
		},
		{
			"validateKey": "B",
			"operateType": 5,
			"message": "采购大类不可为空！",
			"messageEn": "should input item class",
			"valueType": 1,
			"validates": [
				{
					"key": "ItemClass",
					"operateType": 12,
					"orderBy": 0,
					"valueType": 3,
					"value": []
				}
			]
		},
		{
			"validateKey": "C",
			"operateType": 5,
			"message": "合同类型不可为空！",
			"messageEn": "should input contract type",
			"valueType": 1,
			"validates": [
				{
					"key": "PurApplyTypeName",
					"operateType": 12,
					"orderBy": 0,
					"valueType": 3,
					"value": []
				}
			]
		},
		{
			"validateKey": "D",
			"operateType": 5,
			"message": "供应商不可为空！",
			"messageEn": "should input supplier",
			"valueType": 1,
			"validates": [
				{
					"key": "SupplierName",
					"operateType": 12,
					"orderBy": 0,
					"valueType": 3,
					"value": []
				}
			]
		},
		{
			"validateKey": "E",
			"operateType": 5,
			"message": "申请部门不可为空！",
			"messageEn": "should input cost center",
			"valueType": 1,
			"validates": [
				{
					"key": "CostCenterName",
					"operateType": 12,
					"orderBy": 0,
					"valueType": 3,
					"value": []
				}
			]
		},
		{
			"validateKey": "F",
			"operateType": 5,
			"message": "入账部门不可为空！",
			"messageEn": "should input charge cost center",
			"valueType": 1,
			"validates": [
				{
					"key": "ChargeCostCenter",
					"operateType": 12,
					"orderBy": 0,
					"valueType": 3,
					"value": []
				}
			]
		},
		{
			"validateKey": "G",
			"operateType": 5,
			"message": "合同明细或者采购明细至少选择一个！",
			"messageEn": "should input contract details",
			"valueType": 1,
			"validates": [
				{
					"key": "PurApplyDtlList",
					"operateType": 10,
					"orderBy": 0,
					"valueType": 4,
					"value": [
						{
							"key": "PurApplyDtlList",
							"operateType": 12,
							"orderBy": 0,
							"valueType": 5,
							"compareValue": "",
							"value": []
						}
					]
				},
				{
					"key": "PurCotrDtlList",
					"operateType": 10,
					"orderBy": 0,
					"valueType": 4,
					"value": [
						{
							"key": "PurCotrDtlList",
							"operateType": 12,
							"orderBy": 0,
							"valueType": 5,
							"compareValue": "",
							"value": []
						}
					]
				}
			]
		}
	],
	"legalUnitID": "000007",
	"softControlKey": [
		{
			"softControlKey": "ItemCategory",
			"operateType": 5,
			"message": "请先选择采购大类",
			"messageEn": "Please choose item class firstly",
			"valueType": 1,
			"validates": [
				{
					"key": "ItemClass",
					"operateType": 12,
					"orderBy": 0,
					"valueType": 3,
					"value": []
				}
			]
		},
		{
			"softControlKey": "PurApplyDtlList",
			"operateType": 5,
			"message": "请先选择采购大类",
			"messageEn": "Please choose item class firstly",
			"valueType": 1,
			"validates": [
				{
					"key": "ItemClass",
					"operateType": 12,
					"orderBy": 0,
					"valueType": 3,
					"value": []
				}
			]
		},
		{
			"softControlKey": "PurApplyDtlList",
			"operateType": 5,
			"message": "请先选择货劳类别",
			"messageEn": "Please choose item class firstly",
			"valueType": 1,
			"validates": [
				{
					"key": "ItemCategory",
					"operateType": 12,
					"orderBy": 0,
					"valueType": 3,
					"value": []
				}
			]
		},
		{
			"softControlKey": "PurCotrDtlList",
			"operateType": 5,
			"message": "请先选择采购大类",
			"messageEn": "Please choose item class firstly",
			"valueType": 1,
			"validates": [
				{
					"key": "ItemClass",
					"operateType": 12,
					"orderBy": 0,
					"valueType": 3,
					"value": []
				}
			]
		},
		{
			"softControlKey": "PurCotrDtlList",
			"operateType": 5,
			"message": "请先选择货劳类别",
			"messageEn": "Please choose item class firstly",
			"valueType": 1,
			"validates": [
				{
					"key": "ItemCategory",
					"operateType": 12,
					"orderBy": 0,
					"valueType": 3,
					"value": []
				}
			]
		}
	],
	"visibleKeys": [
		{
			"key": "PurCotrSignCD",
			"operateType": 12,
			"orderBy": 1,
			"valueType": 4,
			"compareValue": "",
			"value": [
				{
					"key": "PurCotrSignCD",
					"operateType": 12,
					"orderBy": 0,
					"valueType": 3,
					"compareValue": "",
					"value": []
				}
			]
		}
	],
	"enableKeys": [],
	"clearKeys": [
		{
			"key": "ItemCategory",
			"affectKeys": "PurCotrDtlList,PurApplyDtlList",
			"clearCompareKey": "ItemCategoryID,ItemCategoryID",
			"message": "修改货劳类别会清空采购明细、合同明细，是否确定修改？",
			"messageEn": "Replacing the travel application form will clear the expense flow"
		},
		{
			"key": "ItemClass",
			"affectKeys": "ItemCategory,PurApplyDtlList,PurCotrDtlList,ItemCategoryID",
			"clearCompareKey": "ItemClassCD,STATIC_CD",
			"message": "修改采购大类会清空货劳类别、采购明细、合同明细，是否确定修改？",
			"messageEn": "Replacing the travel application form will clear the expense flow"
		}
	],
	"transEntities": [
		{
			"modelKey": "DOC_LIST_COUNT",
			"remoteKey": "DOC_PATHS_COUNT",
			"isOutsideKey": false
		},
		{
			"modelKey": "BIZ_ID",
			"remoteKey": "BizID",
			"isOutsideKey": false
		},
		{
			"modelKey": "applyStatus",
			"remoteKey": "ApplyStatus"
		},
		{
			"modelKey": "EditFlag",
			"remoteKey": "action_type",
			"isOutsideKey": true
		},
		{
			"modelKey": "ApplyDeptID",
			"remoteKey": "ApplyDeptID",
			"isOutsideKey": true
		},
		{
			"modelKey": "ApplyDept",
			"remoteKey": "ApplyDept",
			"isOutsideKey": true
		},
		{
			"modelKey": "root",
			"remoteKey": "bizdata",
			"isOutsideKey": true
		},
		{
			"modelKey": "PurCotrDtlList.detailMobileID",
			"remoteKey": "PurCotrDtlList.PurCotrDtlID"
		},
		{
			"modelKey": "PurCotrDtlList.templateID",
			"remoteKey": "PurCotrDtlList.BizTableName"
		},
		{
			"modelKey": "PurApplyDtlList.detailMobileID",
			"remoteKey": "PurApplyDtlList.PurApplyDtlID"
		},
		{
			"modelKey": "PurApplyDtlList.templateID",
			"remoteKey": "PurApplyDtlList.BizTableName"
		},
		{
			"modelKey": "detailMobileID",
			"remoteKey": "DETAIL_MOBILE_ID"
		},
		{
			"modelKey": "legalUnitID",
			"remoteKey": "LegalUnitID"
		}
	],
	"intKey": "PurApplyType,DOC_PATHS_COUNT,PurSupplier.RowNumber,PurSupplier.ESupplierStatus,PurSupplier.TaxRate,PurSupplier.SupplierStatus,PurSupplier.R_RECORD_STATUS,PurSupplier.DOC_LIST_COUNT,PurSupplier.DOC_PATHS_COUNT,PurSupplier.EditFlag,ApplyStatus,StatusSource.Status,FILawStatus,PurStatus,LatestStatus.Status,FIStatus,R_RECORD_STATUS,EFIStatus,PurCotrDtlList.EditFlag,PurCotrDtlList.TaxRate,PurCotrDtlList.R_RECORD_STATUS,PurCotrDtlList.DOC_LIST_COUNT,PurCotrDtlList.DOC_PATHS_COUNT,PurApplyDtlList.TaxRate,PurApplyDtlList.R_RECORD_STATUS,PurApplyDtlList.DOC_LIST_COUNT,PurApplyDtlList.DOC_PATHS_COUNT,PurApplyDtlList.EditFlag,PurCotrDtlList.Number"
}