{
	"pageLevel": 0,
	"templateVersion": "1",
	"documentType": 0,
	"docBusinessType": 0,
	"templateName": "预支还款单",
	"simpleName": "预支还款单",
	"templateID": "T_BackCashApplyMst",
	"templateType": "T_BackCashApplyMst",
	"simpleType": "CR",
	"saveUrl": "api/Expense/UploadBizInfo",
	"submitUrl": "api/Expense/UploadBizInfo",
	"saveSuccessKey": "Head.Ret",
	"saveFailKey": "Head.Msg",
	"saveRequestType": 0,
	"elements": [
		{
			"elementType": 0,
			"readOnly": true,
			"lable": "单据号",
			"lableEn": "",
			"placeHolder": "",
			"placeHolderEn": "",
			"groupID": "BillGroup0",
			"groupName": "",
			"groupNameEn": "",
			"format": {},
			"childElement": [],
			"orderBy": 0,
			"key": "BackCashApplyCD",
			"dataPrecision": "0",
			"roundType": 0,
			"maxLength": 20
		},
		{
			"elementType": 5,
			"readOnly": true,
			"lable": "结算币种",
			"lableEn": "",
			"placeHolder": "请选择",
			"placeHolderEn": "",
			"groupID": "BillGroup3",
			"groupName": "申请信息",
			"groupNameEn": "",
			"format": {},
			"childElement": [],
			"orderBy": 3,
			"key": "settleMethodName",
			"dataPrecision": "0",
			"roundType": 0,
			"maxLength": 20
		},
		{
			"elementType": 5,
			"readOnly": true,
			"lable": "支付方式",
			"lableEn": "",
			"placeHolder": "请选择",
			"placeHolderEn": "",
			"groupID": "BillGroup3",
			"groupName": "申请信息",
			"groupNameEn": "",
			"format": {},
			"childElement": [],
			"orderBy": 5,
			"key": "payMethod",
			"dataPrecision": "0",
			"roundType": 0,
			"maxLength": 20
		},
		{
			"elementType": 2,
			"readOnly": true,
			"lable": "最终付款人",
			"lableEn": "",
			"placeHolder": "请输入",
			"placeHolderEn": "",
			"groupID": "BillGroup4",
			"groupName": "",
			"groupNameEn": "",
			"format": {},
			"childElement": [],
			"orderBy": 7,
			"key": "finalPayee",
			"dataPrecision": "0",
			"roundType": 0,
			"maxLength": 50
		},
		{
			"elementType": 2,
			"readOnly": true,
			"lable": "开户银行",
			"lableEn": "",
			"placeHolder": "请输入",
			"placeHolderEn": "",
			"groupID": "BillGroup4",
			"groupName": "",
			"groupNameEn": "",
			"format": {},
			"childElement": [],
			"orderBy": 9,
			"key": "bankAddressCompany",
			"dataPrecision": "0",
			"roundType": 0,
			"maxLength": 50
		},
		{
			"elementType": 9,
			"readOnly": true,
			"lable": "公司银行账户",
			"lableEn": "",
			"placeHolder": "请输入",
			"placeHolderEn": "",
			"groupID": "BillGroup4",
			"groupName": "",
			"groupNameEn": "",
			"format": {},
			"childElement": [],
			"orderBy": 11,
			"key": "bankCardCompany",
			"dataPrecision": "0",
			"roundType": 0,
			"maxLength": 25
		},
		
		{
			"elementType": 8,
			"readOnly": true,
			"lable": "事由备注",
			"lableEn": "",
			"placeHolder": "请输入",
			"placeHolderEn": "",
			"groupID": "BillGroup4",
			"groupName": "",
			"groupNameEn": "",
			"format": {},
			"childElement": [],
			"orderBy": 13,
			"key": "remark",
			"dataPrecision": "0",
			"roundType": 0,
			"maxLength": 150
		},
		{
			"elementType": 14,
			"readOnly": true,
			"lable": "核销现金预支",
			"lableEn": "",
			"placeHolder": "",
			"placeHolderEn": "",
			"groupID": "BillGroup6",
			"groupName": "现金预支",
			"groupNameEn": "",
			"format": {},
			"childElement": [],
			"orderBy": 15,
			"key": "cashAdvance",
			"dataPrecision": "0",
			"roundType": 0,
			"maxLength": 20
		},
		{
			"elementType": 13,
			"readOnly": true,
			"lable": "附件",
			"lableEn": "",
			"placeHolder": "请选择",
			"placeHolderEn": "",
			"groupID": "BillGroup10",
			"groupName": "附件",
			"groupNameEn": "",
			"format": {},
			"childElement": [],
			"orderBy": 30,
			"key": "Doc_Json",
			"dataPrecision": "0",
			"roundType": 0,
			"maxLength": 20
		}
	],
	"dataSources": [
		{
			"sourceType": 1,
			"sourceKey": "detailRequest",
			"url": "/api/Expense/EditingBizInfo",
			"requestType": 0,
			"params": {
				"expression": "{\"BizID\":\"%s\",\"BizType\":\"%s\"}",
				"paramKey": "BizID,BizType"
			}
		},
		{
			"sourceType": 0,
			"sourceKey": "payMethod",
			"multiSelect": false,
			"url": "",
			"relatedID": "staticID",
			"modelBindType": 0,
			"changeKeys": "bankCardCompany,bankAddressCompany",
			"requestType": 0,
			"localParams": {
				"androidWhere": "staticType=%s",
				"iosWhere": "staticType=%@",
				"localKey": ":19"
			},
			"params": {},
			"modelBinds": [
				{
					"modelKey": "payMethod",
					"dataSourceKey": "staticName"
				},
				{
					"modelKey": "payMethodID",
					"dataSourceKey": "staticID"
				}
			]
		},
		{
			"sourceType": 0,
			"sourceKey": "settleMethodName",
			"multiSelect": false,
			"url": "",
			"relatedID": "staticID",
			"modelBindType": 0,
			"requestType": 0,
			"localParams": {
				"androidWhere": "staticType=%s",
				"iosWhere": "staticType=%@",
				"localKey": ":20"
			},
			"params": {},
			"modelBinds": [
				{
					"modelKey": "settleMethodName",
					"dataSourceKey": "staticName"
				},
				{
					"modelKey": "settleMethod",
					"dataSourceKey": "staticID"
				}
			]
		},
		{
			"sourceType": 1,
			"sourceKey": "cashAdvance",
			"multiSelect": false,
			"url": "api/Expense/DownloadPrecashListPage",
			"relatedID": "DETAIL_MOBILE_ID",
			"localParams": {},
			"modelBindType": 1,
			"filterID": "businessTypeID",
			"returnOld": false,
			"needEditFlagKey": "cashAdvance,PreCashModel",
			"requestType": 0,
			"params": {
				"expression": "{\"BizType\":\"%s\",\"Page\":\"%s\",\"PageSize\":\"%s\"}",
				"paramKey": "templateType,(pn),(ps)"
			},
			"modelBinds": [
				{
					"modelKey": "BILL_TYPE_NAME",
					"dataSourceKey": "BILL_TYPE_NAME"
				},
				{
					"modelKey": "BizIcon",
					"dataSourceKey": "BizIcon"
				},
				{
					"modelKey": "CreatDateStr",
					"dataSourceKey": "CreatDateStr"
				},
				{
					"modelKey": "ExpenseClaimReason",
					"dataSourceKey": "ExpenseClaimReason",
					"parentKey": ""
				},
				{
					"modelKey": "DETAIL_MOBILE_ID",
					"dataSourceKey": "DETAIL_MOBILE_ID",
					"parentKey": ""
				},
				{
					"modelKey": "BizCD",
					"dataSourceKey": "BizCD",
					"parentKey": ""
				},
				{
					"modelKey": "BizID",
					"dataSourceKey": "BizID",
					"parentKey": ""
				},
				{
					"modelKey": "Title",
					"dataSourceKey": "Title",
					"parentKey": ""
				},
				{
					"modelKey": "Desc1",
					"dataSourceKey": "Desc1",
					"parentKey": ""
				},
				{
					"modelKey": "Desc2",
					"dataSourceKey": "Desc2",
					"parentKey": ""
				},
				{
					"modelKey": "templateID",
					"dataSourceKey": "BizType"
				},
				{
					"modelKey": "detailMobileID",
					"dataSourceKey": "BizID",
					"parentKey": ""
				}
			]
		}
	],
	"expression": [],
	"validateExpression": [
		{
			"validateKey": "B",
			"operateType": 5,
			"message": "事由备注不可为空！",
			"messageEn": "should input reasons",
			"valueType": 1,
			"validates": [
				{
					"key": "remark",
					"operateType": 12,
					"orderBy": 0,
					"valueType": 3,
					"value": []
				}
			]
		},
		{
			"validateKey": "B",
			"operateType": 5,
			"message": "最终付款人不可为空！",
			"messageEn": "should input reasons",
			"valueType": 1,
			"validates": [
				{
					"key": "finalPayee",
					"operateType": 12,
					"orderBy": 0,
					"valueType": 3,
					"value": []
				}
			]
		},
		{
			"validateKey": "C",
			"operateType": 5,
			"message": "开户银行不可为空！",
			"messageEn": "should input reasons",
			"valueType": 1,
			"validates": [
				{
					"key": "payMethodID",
					"operateType": 10,
					"orderBy": 0,
					"valueType": 4,
					"compareValue": "",
					"value": [
						{
							"key": "payMethodID",
							"operateType": 11,
							"orderBy": 0,
							"valueType": 3,
							"compareValue": "PT03",
							"value": []
						}
					]
				},
				{
					"key": "bankAddressCompany",
					"operateType": 11,
					"orderBy": 2,
					"valueType": 4,
					"compareValue": "",
					"value": [
						{
							"key": "bankAddressCompany",
							"operateType": 12,
							"orderBy": 0,
							"valueType": 3,
							"compareValue": "",
							"value": []
						}
					]
				}
			]
		},
		{
			"validateKey": "C",
			"operateType": 5,
			"message": "公司银行账户不可为空！",
			"messageEn": "should input reasons",
			"valueType": 1,
			"validates": [
				{
					"key": "payMethodID",
					"operateType": 10,
					"orderBy": 0,
					"valueType": 4,
					"compareValue": "",
					"value": [
						{
							"key": "payMethodID",
							"operateType": 11,
							"orderBy": 0,
							"valueType": 3,
							"compareValue": "PT03",
							"value": []
						}
					]
				},
				{
					"key": "bankCardCompany",
					"operateType": 11,
					"orderBy": 2,
					"valueType": 4,
					"compareValue": "",
					"value": [
						{
							"key": "bankCardCompany",
							"operateType": 12,
							"orderBy": 0,
							"valueType": 3,
							"compareValue": "",
							"value": []
						}
					]
				}
			]
		}
	],
	"legalUnitID": "000007",
	"softControlKey": [],
	"visibleKeys": [
		{
			"key": "BillGroup0",
			"operateType": 1,
			"orderBy": 0,
			"valueType": 1,
			"value": [
				{
					"key": "BackCashApplyCD",
					"operateType": 12,
					"orderBy": 0,
					"valueType": 3,
					"compareValue": "",
					"value": []
				}
			]
		},
		{
			"key": "bankCardCompany",
			"operateType": 1,
			"orderBy": 0,
			"valueType": 3,
			"value": [
				{
					"key": "payMethodID",
					"operateType": 5,
					"orderBy": 0,
					"valueType": 3,
					"compareValue": "PT03",
					"value": []
				}
			]
		},
		{
			"key": "bankAddressCompany",
			"operateType": 1,
			"orderBy": 0,
			"valueType": 3,
			"value": [
				{
					"key": "payMethodID",
					"operateType": 5,
					"orderBy": 0,
					"valueType": 3,
					"compareValue": "PT03",
					"value": []
				}
			]
		},
		{
			"key": "BackCashApplyCD",
			"operateType": 12,
			"orderBy": 1,
			"valueType": 4,
			"compareValue": "",
			"value": [
				{
					"key": "BackCashApplyCD",
					"operateType": 12,
					"orderBy": 0,
					"valueType": 3,
					"compareValue": "",
					"value": []
				}
			]
		}
	],
	"enableKeys": [],
	"clearKeys": [],
	"transEntities": [
		{
			"modelKey": "EditFlag",
			"remoteKey": "ActionType",
			"isOutsideKey": true
		},
		{
			"modelKey": "templateType",
			"remoteKey": "BizType",
			"isOutsideKey": true
		},
		{
			"modelKey": "root",
			"remoteKey": "Bizdata",
			"isOutsideKey": true
		},
		{
			"modelKey": "applyStatus",
			"remoteKey": "ApplyStatus"
		},
		{
			"modelKey": "BIZ_ID",
			"remoteKey": "BizID"
		},
		{
			"modelKey": "detailMobileID",
			"remoteKey": "DETAIL_MOBILE_ID"
		},
		{
			"modelKey": "remark",
			"remoteKey": "ExpenseClaimReason"
		},
		{
			"modelKey": "legalUnitID",
			"remoteKey": "LegalUnitID"
		},
		{
			"modelKey": "legalUnitName",
			"remoteKey": "LegalUnitName"
		},
		{
			"modelKey": "payMethod",
			"remoteKey": "PaymentMethod"
		},
		{
			"modelKey": "payMethodID",
			"remoteKey": "PaymentMethodID"
		},
		{
			"modelKey": "settleMethodName",
			"remoteKey": "SettleMethodName"
		},
		{
			"modelKey": "settleMethod",
			"remoteKey": "SettleMethod"
		},
		{
			"modelKey": "TravelApplyCD",
			"remoteKey": "TravelApplyCD"
		},
		{
			"modelKey": "TravelApplyID",
			"remoteKey": "TravelApplyID"
		},
		{
			"modelKey": "cashAdvance",
			"remoteKey": "PRECASH_DETAIL_MOBILE_ID"
		},
		{
			"modelKey": "cashAdvance",
			"remoteKey": "{PreCashModel}"
		},
		{
			"modelKey": "BackCashApplyCD",
			"remoteKey": "BackCashApplyCD"
		},
		{
			"modelKey": "cashAdvance.detailMobileID",
			"remoteKey": "cashAdvance.BizID"
		},
		{
			"modelKey": "bankAddressCompany",
			"remoteKey": "Bank"
		},
		{
			"modelKey": "bankCardCompany",
			"remoteKey": "BankCard"
		},
		{
			"modelKey": "bankCard",
			"remoteKey": "BankCardTest"
		},
		{
			"modelKey": "finalPayee",
			"remoteKey": "BankUser"
		},
		{
			"modelKey": "cashAdvance.templateID",
			"remoteKey": "cashAdvance.BizType"
		}
	]
}