{
	"pageLevel": 0,
	"templateVersion": "1",
	"documentType": 0,
	"docBusinessType": 3,
	"templateName": "Contract details",
	"simpleName": "Contract details",
	"templateID": "T_PurCotrDtl",
	"templateType": "T_PurCotrDtl",
	"simpleType": "T_PurCotrDtl",
	"saveUrl": "",
	"submitUrl": "",
	"elements": [
		{
			"elementType": 0,
			"readOnly": false,
			"lable": "Purchase category",
			"lableEn": "",
			"placeHolder": "",
			"placeHolderEn": "",
			"groupID": "BillGroup1",
			"groupName": "",
			"groupNameEn": "",
			"orderBy": 3,
			"key": "ItemClass",
			"dataPrecision": "0",
			"roundType": 0,
			"maxLength": 20
		},
		{
			"elementType": 0,
			"readOnly": false,
			"lable": "Freight category",
			"lableEn": "",
			"placeHolder": "",
			"placeHolderEn": "",
			"groupID": "BillGroup1",
			"groupName": "",
			"groupNameEn": "",
			"orderBy": 5,
			"key": "ItemCategory",
			"dataPrecision": "0",
			"roundType": 0,
			"maxLength": 20
		},
		{
			"elementType": 5,
			"readOnly": false,
			"lable": "Freight name",
			"lableEn": "",
			"placeHolder": "",
			"placeHolderEn": "",
			"groupID": "BillGroup1",
			"groupName": "",
			"groupNameEn": "",
			"orderBy": 6,
			"key": "AssetInfoName",
			"dataPrecision": "0",
			"roundType": 0,
			"maxLength": 20
		},
		{
			"elementType": 9,
			"readOnly": false,
			"lable": "Purchase quantity",
			"lableEn": "",
			"placeHolder": "",
			"placeHolderEn": "",
			"groupID": "BillGroup1",
			"groupName": "",
			"groupNameEn": "",
			"orderBy": 9,
			"key": "Number",
			"dataPrecision": "0",
			"roundType": 0,
			"maxLength": 10
		},
		{
			"elementType": 5,
			"readOnly": false,
			"lable": "Currency",
			"lableEn": "",
			"placeHolder": "",
			"placeHolderEn": "",
			"groupID": "BillGroup1",
			"groupName": "",
			"groupNameEn": "",
			"orderBy": 11,
			"key": "Currency",
			"dataPrecision": "0",
			"roundType": 0,
			"maxLength": 10
		},
		{
			"elementType": 10,
			"readOnly": false,
			"lable": "Reference unit price (including tax)",
			"lableEn": "",
			"placeHolder": "",
			"placeHolderEn": "",
			"groupID": "BillGroup1",
			"groupName": "",
			"groupNameEn": "",
			"orderBy": 13,
			"key": "Price",
			"dataPrecision": "2",
			"roundType": 0,
			"maxLength": 10
		},
		{
			"elementType": 10,
			"readOnly": true,
			"lable": "Reference amount (including tax)",
			"lableEn": "",
			"placeHolder": "",
			"placeHolderEn": "",
			"groupID": "BillGroup1",
			"groupName": "",
			"groupNameEn": "",
			"orderBy": 15,
			"key": "TotalAmount",
			"dataPrecision": "2",
			"roundType": 0,
			"maxLength": 10
		},
		{
			"elementType": 5,
			"readOnly": true,
			"lable": "TaxRate%",
			"lableEn": "",
			"placeHolder": "",
			"placeHolderEn": "",
			"groupID": "BillGroup1",
			"groupName": "",
			"groupNameEn": "",
			"format": {},
			"childElement": [],
			"orderBy": 23,
			"key": "TaxRate",
			"dataPrecision": "0",
			"roundType": 0,
			"maxLength": 10
		},
		{
			"elementType": 10,
			"readOnly": true,
			"lable": "Tax",
			"lableEn": "",
			"placeHolder": "",
			"placeHolderEn": "",
			"groupID": "BillGroup1",
			"groupName": "",
			"groupNameEn": "",
			"format": {},
			"childElement": [],
			"orderBy": 25,
			"key": "Tax",
			"dataPrecision": "2",
			"roundType": 0,
			"maxLength": 10
		}
	],
	"dataSources": [
		{
			"sourceType": 0,
			"sourceKey": "Currency",
			"multiSelect": false,
			"url": "",
			"relatedID": "staticID",
			"localParams": {
				"androidWhere": "staticType=%s",
				"iosWhere": "staticType=%@",
				"localKey": ":3"
			},
			"modelBindType": 0,
			"requestType": 1,
			"filterID": "",
			"needSearch": false,
			"modelBinds": [
				{
					"modelKey": "CurrencyID",
					"dataSourceKey": "staticID",
					"parentKey": ""
				},
				{
					"modelKey": "CurrencyCD",
					"dataSourceKey": "staticCD",
					"parentKey": ""
				},
				{
					"modelKey": "Currency",
					"dataSourceKey": "staticName",
					"parentKey": ""
				}
			]
		},
		{
			"sourceType": 1,
			"sourceKey": "detailRequest",
			"url": "",
			"requestType": 1,
			"params": {}
		},
		{
			"sourceType": 1,
			"sourceKey": "AssetInfoName",
			"multiSelect": false,
			"url": "/api/BaseData/AssetInfoTypeList",
			"relatedID": "staticID",
			"modelBindType": 0,
			"changeKeys": "",
			"requestType": 0,
			"localParams": {},
			"params": {
				"expression": "{\"LegalUnitID\":\"%s\",\"page_number\":\"%s\",\"page_Size\":\"%s\",\"ItemCategoryID\":\"%s\"}",
				"paramKey": "legalUnitID,(pn),(ps),ItemCategoryID"
			},
			"modelBinds": [
				{
					"modelKey": "AssetInfoName",
					"dataSourceKey": "staticName"
				},
				{
					"modelKey": "AssetInfoID",
					"dataSourceKey": "staticID"
				}
			]
		},
		{
			"sourceType": 0,
			"sourceKey": "TaxRate",
			"multiSelect": false,
			"url": "",
			"relatedID": "staticName",
			"changeKeys": "Tax",
			"localParams": {
				"androidWhere": "staticType=%s",
				"iosWhere": "staticType=%@",
				"localKey": ":4"
			},
			"modelBindType": 0,
			"filterID": "",
			"needSearch": false,
			"modelBinds": [
				{
					"modelKey": "TaxRate",
					"dataSourceKey": "staticName"
				}
			]
		}
	],
	"expression": [
		{
			"key": "TotalAmount",
			"operateType": 2,
			"orderBy": 0,
			"valueType": 1,
			"value": [
				{
					"key": "Price",
					"operateType": 2,
					"orderBy": 0,
					"valueType": 1,
					"value": [],
					"dateType": 1
				},
				{
					"key": "Number",
					"operateType": 0,
					"orderBy": 1,
					"valueType": 0,
					"value": [],
					"dateType": 1
				}
			]
		},
		{
			"key": "Tax",
			"operateType": 1,
			"orderBy": 0,
			"valueType": 1,
			"value": [
				{
					"key": "TotalAmount",
					"operateType": 2,
					"orderBy": 0,
					"valueType": 1,
					"value": []
				},
				{
					"key": "TaxRate",
					"operateType": 3,
					"orderBy": 1,
					"valueType": 0,
					"value": []
				},
				{
					"key": "Tax",
					"operateType": 3,
					"orderBy": 2,
					"valueType": 1,
					"value": [
						{
							"key": "TaxRate",
							"operateType": 3,
							"orderBy": 0,
							"valueType": 0,
							"value": [],
							"dateType": 1
						},
						{
							"key": ":100",
							"operateType": 0,
							"orderBy": 1,
							"valueType": 0,
							"value": [],
							"dateType": 1
						},
						{
							"key": ":1",
							"operateType": 0,
							"orderBy": 2,
							"valueType": 0,
							"value": [],
							"dateType": 1
						}
					]
				},
				{
					"key": ":100",
					"operateType": 3,
					"orderBy": 3,
					"valueType": 0,
					"value": []
				}
			]
		}
	],
	"validateExpression": [
		{
			"validateKey": "",
			"operateType": 12,
			"message": "Quantity cannot be empty!",
			"messageEn": "",
			"valueType": 3,
			"validates": [
				{
					"key": "Number",
					"operateType": 12,
					"orderBy": 0,
					"valueType": 0,
					"value": []
				}
			]
		},
		{
			"validateKey": "",
			"operateType": 12,
			"message": "Reference unit price (including tax) cannot be empty!",
			"messageEn": "",
			"valueType": 3,
			"validates": [
				{
					"key": "Price",
					"operateType": 12,
					"orderBy": 0,
					"valueType": 1,
					"value": []
				}
			]
		},
		{
			"validateKey": "",
			"operateType": 12,
			"message": "The quantity must be greater than 0!",
			"messageEn": "",
			"valueType": 3,
			"validates": [
				{
					"key": "Number",
					"operateType": 4,
					"orderBy": 0,
					"valueType": 0,
					"compareValue": "0",
					"value": []
				}
			]
		}
	],
	"softControlKey": [],
	"visibleKeys": [],
	"enableKeys": [
		{
			"key": "Tax",
			"operateType": 1,
			"orderBy": 0,
			"valueType": 1,
			"value": [
				{
					"key": "TotalAmount",
					"operateType": 12,
					"orderBy": 0,
					"valueType": 1,
					"compareValue": "",
					"value": []
				}
			]
		}
	],
	"clearKeys": [],
	"transEntities": [
		{
			"modelKey": "templateID",
			"remoteKey": "BizTableName"
		},
		{
			"modelKey": "detailMobileID",
			"remoteKey": "DETAIL_MOBILE_ID"
		}
	]
}