{
	"pageLevel": 0,
	"templateVersion": "1",
	"documentType": 1,
	"docBusinessType": 2,
	"templateName": "Payment apply",
	"simpleName": "Payment apply",
	"templateID": "T_PurPayApplyMst",
	"templateType": "T_PurPayApplyMst",
	"simpleType": "PP",
	"saveUrl": "/AppClient/AppUploadPurPayApplyMst.aspx",
	"submitUrl": "/AppClient/AppUploadPurPayApplyMst.aspx",
	"saveSuccessKey": "SaveSuccess,upload_status",
	"saveFailKey": "upload_message",
	"saveRequestType": 1,
	"elements": [
		{
			"elementType": 5,
			"readOnly": true,
			"lable": "Payment method",
			"lableEn": "",
			"placeHolder": "",
			"placeHolderEn": "",
			"groupID": "BillGroup0",
			"groupName": "",
			"groupNameEn": "",
			"format": {},
			"childElement": [],
			"orderBy": 3,
			"key": "PaymentMethod",
			"dataPrecision": "0",
			"roundType": 0,
			"maxLength": 20
		},
		{
			"elementType": 8,
			"readOnly": true,
			"lable": "Remark",
			"lableEn": "",
			"placeHolder": "",
			"placeHolderEn": "",
			"groupID": "BillGroup0",
			"groupName": "",
			"groupNameEn": "",
			"format": {},
			"childElement": [],
			"orderBy": 5,
			"key": "Remark",
			"dataPrecision": "0",
			"roundType": 0,
			"maxLength": 150
		},
		{
			"elementType": 5,
			"readOnly": true,
			"lable": "Apply department",
			"lableEn": "",
			"placeHolder": "Please select",
			"placeHolderEn": "",
			"groupID": "BillGroup1",
			"groupName": "",
			"groupNameEn": "",
			"format": {},
			"childElement": [],
			"orderBy": 7,
			"key": "CostCenterName",
			"dataPrecision": "0",
			"roundType": 0,
			"maxLength": 20
		},
		{
			"elementType": 5,
			"readOnly": true,
			"lable": "Accounting department",
			"lableEn": "",
			"placeHolder": "Please select",
			"placeHolderEn": "",
			"groupID": "BillGroup1",
			"groupName": "",
			"groupNameEn": "",
			"format": {},
			"childElement": [],
			"orderBy": 9,
			"key": "ChargeCostCenter",
			"dataPrecision": "0",
			"roundType": 0,
			"maxLength": 20
		},
		{
			"elementType": 5,
			"readOnly": true,
			"lable": "Accounting project",
			"lableEn": "",
			"placeHolder": "Please select",
			"placeHolderEn": "",
			"groupID": "BillGroup1",
			"groupName": "",
			"groupNameEn": "",
			"format": {},
			"childElement": [],
			"orderBy": 11,
			"key": "Project",
			"dataPrecision": "0",
			"roundType": 0,
			"maxLength": 20
		},
		{
			"elementType": 5,
			"readOnly": true,
			"lable": "Supplier",
			"lableEn": "",
			"placeHolder": "Please select",
			"placeHolderEn": "",
			"groupID": "BillGroup3",
			"groupName": "",
			"groupNameEn": "",
			"format": {},
			"childElement": [],
			"orderBy": 13,
			"key": "SupplierName",
			"dataPrecision": "0",
			"roundType": 0,
			"maxLength": 20
		},
		{
			"elementType": 0,
			"readOnly": true,
			"lable": "Supplier type",
			"lableEn": "",
			"placeHolder": "",
			"placeHolderEn": "",
			"groupID": "BillGroup3",
			"groupName": "",
			"groupNameEn": "",
			"format": {},
			"childElement": [],
			"orderBy": 15,
			"key": "SupplierType",
			"dataPrecision": "0",
			"roundType": 0,
			"maxLength": 20
		},
		{
			"elementType": 5,
			"readOnly": true,
			"lable": "Purchase category",
			"lableEn": "",
			"placeHolder": "Please select",
			"placeHolderEn": "",
			"groupID": "BillGroup3",
			"groupName": "",
			"groupNameEn": "",
			"format": {},
			"childElement": [],
			"orderBy": 17,
			"key": "ItemClass",
			"dataPrecision": "0",
			"roundType": 0,
			"maxLength": 20
		},
		{
			"elementType": 0,
			"readOnly": true,
			"lable": "LinkMan",
			"lableEn": "",
			"placeHolder": "",
			"placeHolderEn": "",
			"groupID": "BillGroup3",
			"groupName": "",
			"groupNameEn": "",
			"format": {},
			"childElement": [],
			"orderBy": 19,
			"key": "LinkMan",
			"dataPrecision": "0",
			"roundType": 0,
			"maxLength": 20
		},
		{
			"elementType": 0,
			"readOnly": true,
			"lable": "LinkPhone",
			"lableEn": "",
			"placeHolder": "",
			"placeHolderEn": "",
			"groupID": "BillGroup3",
			"groupName": "",
			"groupNameEn": "",
			"format": {},
			"childElement": [],
			"orderBy": 21,
			"key": "LinkPhone",
			"dataPrecision": "0",
			"roundType": 0,
			"maxLength": 20
		},
		{
			"elementType": 0,
			"readOnly": true,
			"lable": "LinkEmail",
			"lableEn": "",
			"placeHolder": "",
			"placeHolderEn": "",
			"groupID": "BillGroup3",
			"groupName": "",
			"groupNameEn": "",
			"format": {},
			"childElement": [],
			"orderBy": 23,
			"key": "LinkEmail",
			"dataPrecision": "0",
			"roundType": 0,
			"maxLength": 20
		},
		{
			"elementType": 0,
			"readOnly": true,
			"lable": "Bank",
			"lableEn": "",
			"placeHolder": "",
			"placeHolderEn": "",
			"groupID": "BillGroup3",
			"groupName": "",
			"groupNameEn": "",
			"format": {},
			"childElement": [],
			"orderBy": 25,
			"key": "CompanyAccountBank",
			"dataPrecision": "0",
			"roundType": 0,
			"maxLength": 20
		},
		{
			"elementType": 0,
			"readOnly": true,
			"lable": "Bank account",
			"lableEn": "",
			"placeHolder": "",
			"placeHolderEn": "",
			"groupID": "BillGroup3",
			"groupName": "",
			"groupNameEn": "",
			"format": {},
			"childElement": [],
			"orderBy": 27,
			"key": "Account",
			"dataPrecision": "0",
			"roundType": 0,
			"maxLength": 20
		},
		{
			"elementType": 14,
			"readOnly": true,
			"lable": "Payment details",
			"lableEn": "",
			"placeHolder": "",
			"placeHolderEn": "",
			"groupID": "BillGroup4",
			"groupName": "",
			"groupNameEn": "",
			"format": {},
			"childElement": [],
			"orderBy": 29,
			"key": "PurPayApplyDtlList",
			"dataPrecision": "0",
			"roundType": 0,
			"maxLength": 20
		},
		{
			"elementType": 13,
			"readOnly": true,
			"lable": "Attachment",
			"lableEn": "",
			"placeHolder": "Please select",
			"placeHolderEn": "",
			"groupID": "BillGroup10",
			"groupName": "",
			"groupNameEn": "",
			"format": {},
			"childElement": [],
			"orderBy": 50,
			"key": "Doc_Json",
			"dataPrecision": "0",
			"roundType": 0,
			"maxLength": 20
		}
	],
	"dataSources": [
		{
			"sourceType": 1,
			"sourceKey": "detailRequest",
			"url": "/AppClient/AppGetPurPayApplyMstInfo.aspx",
			"requestType": 1,
			"params": {
				"expression": "{\"PayApplyMstID\":\"%s\"}",
				"paramKey": "BizID"
			}
		},
		{
			"sourceType": 0,
			"sourceKey": "ChargeCostCenter",
			"multiSelect": false,
			"url": "",
			"relatedID": "staticID",
			"modelBindType": 0,
			"requestType": 1,
			"localParams": {
				"androidWhere": "staticType=%s",
				"iosWhere": "staticType=%@",
				"localKey": ":8"
			},
			"params": {},
			"modelBinds": [
				{
					"modelKey": "ChargeCostCenter",
					"dataSourceKey": "staticName",
					"parentKey": "GetCities"
				},
				{
					"modelKey": "ChargeCostCenterID",
					"dataSourceKey": "staticID"
				},
				{
					"modelKey": "ChargeCostCenterCD",
					"dataSourceKey": "staticCD"
				}
			]
		},
		{
			"sourceType": 1,
			"sourceKey": "Project",
			"multiSelect": false,
			"url": "/api/BaseData/GetProjectByChargeCostCenterID",
			"relatedID": "staticID",
			"modelBindType": 0,
			"changeKeys": "",
			"localParams": {},
			"requestType": 0,
			"params": {
				"expression": "{\"LegalUnitID\":\"%s\",\"ChargeCostCenterID\":\"%s\",\"Page\":\"%s\",\"PageSize\":\"%s\"}",
				"paramKey": "legalUnitID,ChargeCostCenterID,(pn),(ps)"
			},
			"modelBinds": [
				{
					"modelKey": "Project",
					"dataSourceKey": "staticName"
				},
				{
					"modelKey": "ProjectID",
					"dataSourceKey": "staticID"
				}
			]
		},
		{
			"sourceType": 0,
			"sourceKey": "PaymentMethod",
			"multiSelect": false,
			"url": "",
			"relatedID": "staticID",
			"modelBindType": 0,
			"changeKeys": "",
			"requestType": 1,
			"localParams": {
				"androidWhere": "staticType=%s",
				"iosWhere": "staticType=%@",
				"localKey": ":19"
			},
			"params": {},
			"modelBinds": [
				{
					"modelKey": "PaymentMethod",
					"dataSourceKey": "staticName"
				},
				{
					"modelKey": "PaymentMethodID",
					"dataSourceKey": "staticID"
				}
			]
		},
		{
			"sourceType": 1,
			"sourceKey": "CostCenterName",
			"multiSelect": false,
			"url": "/api/Account/GetOrgListByEntity",
			"relatedID": "OrgGUID",
			"modelBindType": 0,
			"localParams": {},
			"requestType": 0,
			"params": {
				"expression": "{\"LegalUnitID\":\"%s\",\"OrgType\":\"%s\",\"Page\":\"%s\",\"PageSize\":\"%s\"}",
				"paramKey": "legalUnitID,:1,(pn),(ps)"
			},
			"modelBinds": [
				{
					"modelKey": "CostCenterName",
					"dataSourceKey": "FullPathName",
					"parentKey": ""
				},
				{
					"modelKey": "CostCenterID",
					"dataSourceKey": "OrgGUID",
					"parentKey": ""
				},
				{
					"modelKey": "CostCenterCD",
					"dataSourceKey": "OrgCD"
				}
			]
		},
		{
			"sourceType": 1,
			"sourceKey": "SupplierName",
			"multiSelect": false,
			"url": "/AppClient/AppGetSupplierInfoList.aspx",
			"relatedID": "SupplierID",
			"localParams": {},
			"modelBindType": 0,
			"filterID": "",
			"requestType": 1,
			"changeKeys": "SupplierType,LinkMan,LinkPhone,LinkEmail,CompanyAccountBank,Account",
			"params": {
				"expression": "{\"LegalUnitID\":\"%s\",\"page_number\":\"%s\",\"page_Size\":\"%s\",\"isAll\":\"%s\",\"SupplierStatus\":\"%s\"}",
				"paramKey": "legalUnitID,(pn),(ps),:true,:2"
			},
			"modelBinds": [
				{
					"modelKey": "SupplierTypeCD",
					"dataSourceKey": "SupplierTypeCD"
				},
				{
					"modelKey": "SupplierName",
					"dataSourceKey": "SupplierName"
				},
				{
					"modelKey": "CompanyAccountBank",
					"dataSourceKey": "CompanyAccountBank",
					"isNeedBind": true
				},
				{
					"modelKey": "Account",
					"dataSourceKey": "Account",
					"isNeedBind": true
				},
				{
					"modelKey": "Country",
					"dataSourceKey": "Country"
				},
				{
					"modelKey": "City",
					"dataSourceKey": "City"
				},
				{
					"modelKey": "LinkMan",
					"dataSourceKey": "LinkMan",
					"isNeedBind": true
				},
				{
					"modelKey": "LinkPhone",
					"dataSourceKey": "LinkPhone",
					"isNeedBind": true
				},
				{
					"modelKey": "LinkEmail",
					"dataSourceKey": "LinkEmail",
					"isNeedBind": true
				},
				{
					"modelKey": "BizID",
					"dataSourceKey": "BizID"
				},
				{
					"modelKey": "LegalUnitID",
					"dataSourceKey": "LegalUnitID"
				},
				{
					"modelKey": "SupplierID",
					"dataSourceKey": "SupplierID",
					"isNeedBind": true
				},
				{
					"modelKey": "SupplierType",
					"dataSourceKey": "SupplierType",
					"isNeedBind": true
				},
				{
					"modelKey": "DETAIL_MOBILE_ID",
					"dataSourceKey": "DETAIL_MOBILE_ID"
				}
			]
		},
		{
			"sourceType": 1,
			"sourceKey": "ItemClass",
			"multiSelect": false,
			"url": "/AppClient/AppGetCommonStaticList.aspx",
			"relatedID": "STATIC_CD",
			"modelBindType": 0,
			"requestType": 1,
			"localParams": {},
			"params": {
				"expression": "{\"LegalUnitID\":\"%s\",\"page_number\":\"%s\",\"page_Size\":\"%s\",\"static_cd\":\"%s\"}",
				"paramKey": "legalUnitID,:1,:1000,:ItemClass"
			},
			"modelBinds": [
				{
					"modelKey": "ItemClass",
					"dataSourceKey": "STATIC_VALUE"
				},
				{
					"modelKey": "STATIC_CD",
					"dataSourceKey": "STATIC_CD"
				},
				{
					"modelKey": "ItemClassCD",
					"dataSourceKey": "STATIC_CD",
					"parentKey": ""
				},
				{
					"modelKey": "ItemClassID",
					"dataSourceKey": "STATIC_ID",
					"parentKey": ""
				}
			]
		},
		{
			"sourceType": 1,
			"sourceKey": "PurPayApplyDtlList",
			"multiSelect": true,
			"url": "/AppClient/AppGetPurPayApplyDtlRelation.aspx",
			"relatedID": "PayApplyDtlID",
			"modelBindType": 2,
			"requestType": 1,
			"changeKeys": "ItemClass",
			"newModuleID": "T_PurPayApplyDtl",
			"newModuleTemType": "T_PurPayApplyDtl",
			"relateAndEdit": true,
			"filterID": "ItemClassID,ItemClassID;SupplierID,SupplierID",
			"returnOld": false,
			"needEditFlagKey": "PurPayApplyDtlList,PurPayApplyDtlList",
			"localParams": {},
			"params": {
				"expression": "{\"page_number\":\"%s\",\"page_size\":\"%s\",\"ItemClassID\":\"%s\",\"SupplierID\":\"%s\"}",
				"paramKey": "(pn),(ps),ItemClassID,SupplierID"
			},
			"modelBinds": [
				{
					"modelKey": "BizID",
					"dataSourceKey": "BizID"
				},
				{
					"modelKey": "ERecordStatus",
					"dataSourceKey": "ERecordStatus"
				},
				{
					"modelKey": "EPayStatus",
					"dataSourceKey": "EPayStatus"
				},
				{
					"modelKey": "TaxRateNullable",
					"dataSourceKey": "TaxRateNullable"
				},
				{
					"modelKey": "TaxNullable",
					"dataSourceKey": "TaxNullable"
				},
				{
					"modelKey": "PurPayItemInfoList",
					"dataSourceKey": "PurPayItemInfoList"
				},
				{
					"modelKey": "BILLINVOICEPAYRETIONDTLList",
					"dataSourceKey": "BILLINVOICEPAYRETIONDTLList"
				},
				{
					"modelKey": "SupplierTypeCD",
					"dataSourceKey": "SupplierTypeCD"
				},
				{
					"modelKey": "SupplierType",
					"dataSourceKey": "SupplierType"
				},
				{
					"modelKey": "LinkMan",
					"dataSourceKey": "LinkMan"
				},
				{
					"modelKey": "LinkPhone",
					"dataSourceKey": "LinkPhone"
				},
				{
					"modelKey": "LinkEmail",
					"dataSourceKey": "LinkEmail"
				},
				{
					"modelKey": "CompanyAccountBank",
					"dataSourceKey": "CompanyAccountBank"
				},
				{
					"modelKey": "Account",
					"dataSourceKey": "Account"
				},
				{
					"modelKey": "LegalUnitID",
					"dataSourceKey": "LegalUnitID"
				},
				{
					"modelKey": "LegalUnitCD",
					"dataSourceKey": "LegalUnitCD"
				},
				{
					"modelKey": "PayApplyDtlID",
					"dataSourceKey": "PayApplyDtlID",
					"isNeedBind": true
				},
				{
					"modelKey": "PayApplyDtlCD",
					"dataSourceKey": "PayApplyDtlCD"
				},
				{
					"modelKey": "IsRelation",
					"dataSourceKey": "IsRelation"
				},
				{
					"modelKey": "SupplierID",
					"dataSourceKey": "SupplierID"
				},
				{
					"modelKey": "SupplierName",
					"dataSourceKey": "SupplierName"
				},
				{
					"modelKey": "ItemName",
					"dataSourceKey": "ItemName"
				},
				{
					"modelKey": "CurrencyID",
					"dataSourceKey": "CurrencyID"
				},
				{
					"modelKey": "CurrencyCD",
					"dataSourceKey": "CurrencyCD"
				},
				{
					"modelKey": "Currency",
					"dataSourceKey": "Currency"
				},
				{
					"modelKey": "ClaimCurrencyRate",
					"dataSourceKey": "ClaimCurrencyRate"
				},
				{
					"modelKey": "CurrencyAmount",
					"dataSourceKey": "CurrencyAmount"
				},
				{
					"modelKey": "TaxRate",
					"dataSourceKey": "TaxRate"
				},
				{
					"modelKey": "Tax",
					"dataSourceKey": "Tax"
				},
				{
					"modelKey": "Amount",
					"dataSourceKey": "Amount"
				},
				{
					"modelKey": "TotalAmount",
					"dataSourceKey": "TotalAmount"
				},
				{
					"modelKey": "Remark",
					"dataSourceKey": "Remark"
				},
				{
					"modelKey": "Creat_User",
					"dataSourceKey": "Creat_User"
				},
				{
					"modelKey": "ApplyName",
					"dataSourceKey": "ApplyName"
				},
				{
					"modelKey": "DOC_LIST_COUNT",
					"dataSourceKey": "DOC_LIST_COUNT"
				},
				{
					"modelKey": "DOC_PATHS_COUNT",
					"dataSourceKey": "DOC_PATHS_COUNT"
				},
				{
					"modelKey": "DETAIL_MOBILE_ID",
					"dataSourceKey": "DETAIL_MOBILE_ID"
				},
				{
					"modelKey": "ItemClassID",
					"dataSourceKey": "ItemClassID"
				},
				{
					"modelKey": "ItemClassCD",
					"dataSourceKey": "ItemClassCD"
				},
				{
					"modelKey": "ItemClass",
					"dataSourceKey": "ItemClass"
				},
				{
					"modelKey": "templateID",
					"dataSourceKey": "BizTableName"
				},
				{
					"modelKey": "detailMobileID",
					"dataSourceKey": "PayApplyDtlID"
				},
				{
					"modelKey": "BizIcon",
					"dataSourceKey": "BizIcon",
					"parentKey": ""
				},
				{
					"modelKey": "Title",
					"dataSourceKey": "Title",
					"parentKey": ""
				},
				{
					"modelKey": "Desc1",
					"dataSourceKey": "Desc1",
					"parentKey": ""
				},
				{
					"modelKey": "Desc2",
					"dataSourceKey": "Desc2",
					"parentKey": ""
				},
				{
					"modelKey": "PurApplyMstViewInfo",
					"dataSourceKey": "PurApplyMstViewInfo",
					"parentKey": ""
				}
			]
		}
	],
	"expression": [],
	"validateExpression": [
		{
			"validateKey": "B",
			"operateType": 5,
			"message": "Payment method cannot be empty!",
			"messageEn": "should input reasons",
			"valueType": 1,
			"validates": [
				{
					"key": "PaymentMethod",
					"operateType": 12,
					"orderBy": 0,
					"valueType": 3,
					"value": []
				}
			]
		},
		{
			"validateKey": "B",
			"operateType": 5,
			"message": "Remark cannot be empty!",
			"messageEn": "should input reasons",
			"valueType": 1,
			"validates": [
				{
					"key": "Remark",
					"operateType": 12,
					"orderBy": 0,
					"valueType": 3,
					"value": []
				}
			]
		},
		{
			"validateKey": "B",
			"operateType": 5,
			"message": "Accounting department cannot be empty!",
			"messageEn": "should input reasons",
			"valueType": 1,
			"validates": [
				{
					"key": "ChargeCostCenter",
					"operateType": 12,
					"orderBy": 0,
					"valueType": 3,
					"value": []
				}
			]
		},
		{
			"validateKey": "B",
			"operateType": 5,
			"message": "Apply department cannot be empty!",
			"messageEn": "should input reasons",
			"valueType": 1,
			"validates": [
				{
					"key": "CostCenterName",
					"operateType": 12,
					"orderBy": 0,
					"valueType": 3,
					"value": []
				}
			]
		},
		{
			"validateKey": "B",
			"operateType": 5,
			"message": "Supplier cannot be empty!",
			"messageEn": "should input reasons",
			"valueType": 1,
			"validates": [
				{
					"key": "CostCenterName",
					"operateType": 12,
					"orderBy": 0,
					"valueType": 3,
					"value": []
				}
			]
		},
		{
			"validateKey": "B",
			"operateType": 5,
			"message": "LinkMan cannot be empty!",
			"messageEn": "should input reasons",
			"valueType": 1,
			"validates": [
				{
					"key": "CostCenterName",
					"operateType": 12,
					"orderBy": 0,
					"valueType": 3,
					"value": []
				}
			]
		},
		{
			"validateKey": "B",
			"operateType": 5,
			"message": "LinkPhone cannot be empty!",
			"messageEn": "should input reasons",
			"valueType": 1,
			"validates": [
				{
					"key": "CostCenterName",
					"operateType": 12,
					"orderBy": 0,
					"valueType": 3,
					"value": []
				}
			]
		},
		{
			"validateKey": "B",
			"operateType": 5,
			"message": "Bank cannot be empty!",
			"messageEn": "should input reasons",
			"valueType": 1,
			"validates": [
				{
					"key": "CostCenterName",
					"operateType": 12,
					"orderBy": 0,
					"valueType": 3,
					"value": []
				}
			]
		},
		{
			"validateKey": "B",
			"operateType": 5,
			"message": "Bank account cannot be empty!",
			"messageEn": "should input reasons",
			"valueType": 1,
			"validates": [
				{
					"key": "CostCenterName",
					"operateType": 12,
					"orderBy": 0,
					"valueType": 3,
					"value": []
				}
			]
		},
		{
			"validateKey": "B",
			"operateType": 5,
			"message": "Payment details cannot be empty!",
			"messageEn": "should input reasons",
			"valueType": 1,
			"validates": [
				{
					"key": "PurPayApplyDtlList",
					"operateType": 12,
					"orderBy": 0,
					"valueType": 5,
					"value": []
				}
			]
		}
	],
	"legalUnitID": "000007",
	"softControlKey": [
		{
			"softControlKey": "PurPayApplyDtlList",
			"operateType": 5,
			"message": "Please select Supplier first!",
			"messageEn": "Please choose businesstype firstly",
			"valueType": 1,
			"validates": [
				{
					"key": "SupplierName",
					"operateType": 12,
					"orderBy": 0,
					"valueType": 3,
					"value": []
				}
			]
		},
		{
			"softControlKey": "PurPayApplyDtlList",
			"operateType": 5,
			"message": "Please select the Purchase category first!",
			"messageEn": "Please choose businesstype firstly",
			"valueType": 1,
			"validates": [
				{
					"key": "ItemClass",
					"operateType": 12,
					"orderBy": 0,
					"valueType": 3,
					"value": []
				}
			]
		}
	],
	"visibleKeys": [
		{
			"key": "invoiceCode",
			"operateType": 1,
			"orderBy": 0,
			"valueType": 0,
			"value": [
				{
					"key": "PayStatus",
					"operateType": 9,
					"orderBy": 0,
					"valueType": 4,
					"compareValue": "",
					"value": [
						{
							"key": "PayStatus",
							"operateType": 5,
							"orderBy": 0,
							"valueType": 0,
							"compareValue": "0",
							"value": []
						}
					]
				},
				{
					"key": "BILLINVOICEPAYRETIONDTLList",
					"operateType": 11,
					"orderBy": 1,
					"valueType": 4,
					"compareValue": "",
					"value": [
						{
							"key": "BILLINVOICEPAYRETIONDTLList",
							"operateType": 12,
							"orderBy": 0,
							"valueType": 5,
							"compareValue": "",
							"value": []
						}
					]
				}
			]
		},
		{
			"key": "buyerCompanyName",
			"operateType": 1,
			"orderBy": 0,
			"valueType": 0,
			"value": [
				{
					"key": "PayStatus",
					"operateType": 9,
					"orderBy": 0,
					"valueType": 4,
					"compareValue": "",
					"value": [
						{
							"key": "PayStatus",
							"operateType": 5,
							"orderBy": 0,
							"valueType": 0,
							"compareValue": "0",
							"value": []
						}
					]
				},
				{
					"key": "BILLINVOICEPAYRETIONDTLList",
					"operateType": 11,
					"orderBy": 1,
					"valueType": 4,
					"compareValue": "",
					"value": [
						{
							"key": "BILLINVOICEPAYRETIONDTLList",
							"operateType": 12,
							"orderBy": 0,
							"valueType": 5,
							"compareValue": "",
							"value": []
						}
					]
				}
			]
		},
		{
			"key": "taxAmount",
			"operateType": 1,
			"orderBy": 0,
			"valueType": 0,
			"value": [
				{
					"key": "PayStatus",
					"operateType": 9,
					"orderBy": 0,
					"valueType": 4,
					"compareValue": "",
					"value": [
						{
							"key": "PayStatus",
							"operateType": 5,
							"orderBy": 0,
							"valueType": 0,
							"compareValue": "0",
							"value": []
						}
					]
				},
				{
					"key": "BILLINVOICEPAYRETIONDTLList",
					"operateType": 11,
					"orderBy": 1,
					"valueType": 4,
					"compareValue": "",
					"value": [
						{
							"key": "BILLINVOICEPAYRETIONDTLList",
							"operateType": 12,
							"orderBy": 0,
							"valueType": 5,
							"compareValue": "",
							"value": []
						}
					]
				}
			]
		},
		{
			"key": "totalAmount",
			"operateType": 1,
			"orderBy": 0,
			"valueType": 0,
			"value": [
				{
					"key": "PayStatus",
					"operateType": 9,
					"orderBy": 0,
					"valueType": 4,
					"compareValue": "",
					"value": [
						{
							"key": "PayStatus",
							"operateType": 5,
							"orderBy": 0,
							"valueType": 0,
							"compareValue": "0",
							"value": []
						}
					]
				},
				{
					"key": "BILLINVOICEPAYRETIONDTLList",
					"operateType": 11,
					"orderBy": 1,
					"valueType": 4,
					"compareValue": "",
					"value": [
						{
							"key": "BILLINVOICEPAYRETIONDTLList",
							"operateType": 12,
							"orderBy": 0,
							"valueType": 5,
							"compareValue": "",
							"value": []
						}
					]
				}
			]
		},
		{
			"key": "PurPayItemInfoList",
			"operateType": 11,
			"orderBy": 1,
			"valueType": 5,
			"compareValue": "",
			"value": [
				{
					"key": "IsRelation",
					"operateType": 5,
					"orderBy": 0,
					"valueType": 4,
					"compareValue": "true",
					"value": []
				}
			]
		},
		{
			"key": "Amount",
			"operateType": 1,
			"orderBy": 0,
			"valueType": 1,
			"value": [
				{
					"key": "IsRelation",
					"operateType": 5,
					"orderBy": 0,
					"valueType": 4,
					"compareValue": "false",
					"value": []
				}
			]
		},
		{
			"key": "Currency",
			"operateType": 1,
			"orderBy": 0,
			"valueType": 1,
			"value": [
				{
					"key": "IsRelation",
					"operateType": 5,
					"orderBy": 0,
					"valueType": 4,
					"compareValue": "false",
					"value": []
				}
			]
		},
		{
			"key": "TaxRate",
			"operateType": 1,
			"orderBy": 0,
			"valueType": 1,
			"value": [
				{
					"key": "IsRelation",
					"operateType": 5,
					"orderBy": 0,
					"valueType": 4,
					"compareValue": "false",
					"value": []
				}
			]
		},
		{
			"key": "Tax",
			"operateType": 1,
			"orderBy": 0,
			"valueType": 1,
			"value": [
				{
					"key": "IsRelation",
					"operateType": 5,
					"orderBy": 0,
					"valueType": 4,
					"compareValue": "false",
					"value": []
				}
			]
		},
		{
			"key": "TotalAmount",
			"operateType": 1,
			"orderBy": 0,
			"valueType": 1,
			"value": [
				{
					"key": "IsRelation",
					"operateType": 5,
					"orderBy": 0,
					"valueType": 4,
					"compareValue": "false",
					"value": []
				}
			]
		},
		{
			"key": "BILLINVOICEPAYRETIONDTLList",
			"operateType": 1,
			"orderBy": 0,
			"valueType": 1,
			"value": [
				{
					"key": "PayStatus",
					"operateType": 5,
					"orderBy": 0,
					"valueType": 0,
					"compareValue": "0",
					"value": []
				}
			]
		}
	],
	"enableKeys": [],
	"clearKeys": [
		{
			"key": "SupplierName",
			"affectKeys": "PurPayApplyDtlList",
			"clearCompareKey": "SupplierID,SupplierID",
			"message": "Modifying the Supplier will clear the Payment details. Are you sure to modify it?",
			"messageEn": "Replacing the travel application form will clear the expense flow"
		},
		{
			"key": "ItemClass",
			"affectKeys": "PurPayApplyDtlList",
			"clearCompareKey": "ItemClassCD,STATIC_CD",
			"message": "Modifying the Purchase category will clear the Payment details. Are you sure to modify it?",
			"messageEn": "Replacing the travel application form will clear the expense flow"
		}
	],
	"transEntities": [
		{
			"modelKey": "BIZ_ID",
			"remoteKey": "BizID",
			"isOutsideKey": false
		},
		{
			"modelKey": "DOC_LIST_COUNT",
			"remoteKey": "DOC_PATHS_COUNT",
			"isOutsideKey": false
		},
		{
			"modelKey": "EditFlag",
			"remoteKey": "action_type",
			"isOutsideKey": true
		},
		{
			"modelKey": "ApplyDeptID",
			"remoteKey": "ApplyDeptID",
			"isOutsideKey": true
		},
		{
			"modelKey": "ApplyDept",
			"remoteKey": "ApplyDept",
			"isOutsideKey": true
		},
		{
			"modelKey": "root",
			"remoteKey": "bizdata",
			"isOutsideKey": true
		},
		{
			"modelKey": "detailMobileID",
			"remoteKey": "DETAIL_MOBILE_ID"
		},
		{
			"modelKey": "applyStatus",
			"remoteKey": "ApplyStatus"
		},
		{
			"modelKey": "PurPayApplyDtlList.detailMobileID",
			"remoteKey": "PurPayApplyDtlList.PayApplyDtlID"
		},
		{
			"modelKey": "PurPayApplyDtlList.templateID",
			"remoteKey": "PurPayApplyDtlList.BizTableName"
		},
		{
			"modelKey": "templateID",
			"remoteKey": "BILL_TYPE_NAME"
		}
	],
	"intKey": "PurPayApplyDtlList.DOC_PATHS_COUNT,PurPayApplyDtlList.TaxRateNullable,PurPayApplyDtlList.TaxRate,PurPayApplyDtlList.SupplierStatus,PurPayApplyDtlList.R_RECORD_STATUS,ApproveMethod,DOC_PATHS_COUNT,ApplyStatus,RowNumber,PurPayApplyDtlList.DOC_LIST_COUNT,PurPayApplyDtlList.EditFlag,StatusSource.Status,FIStatus,PurApplyType,R_RECORD_STATUS,SettleMethod,PayStatus,ER_RECORD_STATUS,EFIStatus,PurSupplier.RowNumber,PurSupplier.TaxRate,PurSupplier.SupplierStatus,PurSupplier.R_RECORD_STATUS,PurSupplier.DOC_LIST_COUNT,PurSupplier.DOC_PATHS_COUNT,PurSupplier.EditFlag,PurPayApplyDtlList.ER_RECORD_STATUS,PurPayApplyDtlList.PayStatus,SumPurPayApplyDtlList.PurPayApplyDtlList.ER_RECORD_STATUS,SumPurPayApplyDtlList.PurPayApplyDtlList.TaxRateNullable,SumPurPayApplyDtlList.PurPayApplyDtlList.SupplierStatus,SumPurPayApplyDtlList.PurPayApplyDtlList.PayStatus,SumPurPayApplyDtlList.PurPayApplyDtlList.TaxRate,SumPurPayApplyDtlList.PurPayApplyDtlList.R_RECORD_STATUS,SumPurPayApplyDtlList.PurPayApplyDtlList.DOC_LIST_COUNT,SumPurPayApplyDtlList.PurPayApplyDtlList.DOC_PATHS_COUNT,SumPurPayApplyDtlList.PurPayApplyDtlList.EditFlag,PurPayApplyDtlList.TotalAmount,PurPayApplyDtlList.Tax"
}