{
	"pageLevel": 0,
	"templateVersion": "1",
	"documentType": 1,
	"docBusinessType": 3,
	"templateName": "付款明细",
	"simpleName": "付款明细",
	"templateID": "T_PurPayApplyDtl",
	"templateType": "T_PurPayApplyDtl",
	"simpleType": "T_PurPayApplyDtl",
	"saveUrl": "/AppClient/AppUploadPurPayApplyDtlWriteOff.aspx",
	"submitUrl": "/AppClient/AppUploadPurPayApplyDtlWriteOff.aspx",
	"saveSuccessKey": "SaveSuccess,upload_status,Info",
	"saveFailKey": "upload_message",
	"saveRequestType": 1,
	"elements": [
		{
			"elementType": 3,
			"readOnly": true,
			"lable": "付款状态",
			"lableEn": "",
			"placeHolder": "",
			"placeHolderEn": "",
			"groupID": "BillGroup3",
			"groupName": "付款状态",
			"groupNameEn": "",
			"format": {},
			"childElement": [],
			"orderBy": 3,
			"key": "PayStatus",
			"dataPrecision": "0",
			"roundType": 0,
			"maxLength": 20
		},
		{
			"elementType": 4,
			"readOnly": true,
			"lable": "有合同付款",
			"lableEn": "",
			"placeHolder": "",
			"placeHolderEn": "",
			"groupID": "BillGroup5",
			"groupName": "供应商及发票信息",
			"groupNameEn": "",
			"format": {},
			"childElement": [],
			"orderBy": 5,
			"key": "IsRelation",
			"dataPrecision": "0",
			"roundType": 0,
			"maxLength": 20
		},
		{
			"elementType": 5,
			"readOnly": true,
			"lable": "供应商",
			"lableEn": "",
			"placeHolder": "请选择",
			"placeHolderEn": "",
			"groupID": "BillGroup5",
			"groupName": "供应商及发票信息",
			"groupNameEn": "",
			"format": {},
			"childElement": [],
			"orderBy": 7,
			"key": "SupplierName",
			"dataPrecision": "0",
			"roundType": 0,
			"maxLength": 20
		},
		{
			"elementType": 5,
			"readOnly": true,
			"lable": "采购大类",
			"lableEn": "",
			"placeHolder": "请选择",
			"placeHolderEn": "",
			"groupID": "BillGroup5",
			"groupName": "供应商及发票信息",
			"groupNameEn": "",
			"format": {},
			"childElement": [],
			"orderBy": 9,
			"key": "ItemClass",
			"dataPrecision": "0",
			"roundType": 0,
			"maxLength": 20
		},
		{
			"elementType": 5,
			"readOnly": true,
			"lable": "货劳类别",
			"lableEn": "",
			"placeHolder": "请选择",
			"placeHolderEn": "",
			"groupID": "BillGroup5",
			"groupName": "供应商及发票信息",
			"groupNameEn": "",
			"format": {},
			"childElement": [],
			"orderBy": 11,
			"key": "ItemCategory",
			"dataPrecision": "0",
			"roundType": 0,
			"maxLength": 20
		},
		{
			"elementType": 5,
			"readOnly": true,
			"lable": "货劳名称",
			"lableEn": "",
			"placeHolder": "请选择",
			"placeHolderEn": "",
			"groupID": "BillGroup5",
			"groupName": "供应商及发票信息",
			"groupNameEn": "",
			"format": {},
			"childElement": [],
			"orderBy": 13,
			"key": "ItemName",
			"dataPrecision": "0",
			"roundType": 0,
			"maxLength": 20
		},
		{
			"elementType": 19,
			"readOnly": true,
			"lable": "发票信息",
			"lableEn": "",
			"placeHolder": "请选择",
			"placeHolderEn": "",
			"groupID": "BillGroup7",
			"groupName": "发票",
			"groupNameEn": "",
			"format": {},
			"childElement": [],
			"orderBy": 15,
			"key": "BILLINVOICEPAYRETIONDTLList",
			"dataPrecision": "0",
			"roundType": 0,
			"maxLength": 20
		},
		{
			"elementType": 20,
			"readOnly": true,
			"lable": "合同明细",
			"lableEn": "",
			"placeHolder": "请选择",
			"placeHolderEn": "",
			"groupID": "BillGroup9",
			"groupName": "合同",
			"groupNameEn": "",
			"format": {},
			"childElement": [],
			"orderBy": 17,
			"key": "PurPayItemInfoList",
			"dataPrecision": "0",
			"roundType": 0,
			"maxLength": 20
		},
		{
			"elementType": 10,
			"readOnly": true,
			"lable": "金额（不含税）",
			"lableEn": "",
			"placeHolder": "",
			"placeHolderEn": "",
			"groupID": "BillGroup11",
			"groupName": "支付信息",
			"groupNameEn": "",
			"format": {},
			"childElement": [],
			"orderBy": 19,
			"key": "Amount",
			"dataPrecision": "2",
			"roundType": 0,
			"maxLength": 10
		},
		{
			"elementType": 5,
			"readOnly": true,
			"lable": "币种",
			"lableEn": "",
			"placeHolder": "",
			"placeHolderEn": "",
			"groupID": "BillGroup11",
			"groupName": "支付信息",
			"groupNameEn": "",
			"format": {},
			"childElement": [],
			"orderBy": 21,
			"key": "Currency",
			"dataPrecision": "0",
			"roundType": 0,
			"maxLength": 0
		},
		{
			"elementType": 5,
			"readOnly": true,
			"lable": "税率%",
			"lableEn": "",
			"placeHolder": "",
			"placeHolderEn": "",
			"groupID": "BillGroup11",
			"groupName": "支付信息",
			"groupNameEn": "",
			"format": {},
			"childElement": [],
			"orderBy": 23,
			"key": "TaxRate",
			"dataPrecision": "0",
			"roundType": 0,
			"maxLength": 10
		},
		{
			"elementType": 10,
			"readOnly": true,
			"lable": "税额",
			"lableEn": "",
			"placeHolder": "",
			"placeHolderEn": "",
			"groupID": "BillGroup11",
			"groupName": "支付信息",
			"groupNameEn": "",
			"format": {},
			"childElement": [],
			"orderBy": 25,
			"key": "Tax",
			"dataPrecision": "2",
			"roundType": 0,
			"maxLength": 10
		},
		{
			"elementType": 10,
			"readOnly": true,
			"lable": "价税合计",
			"lableEn": "",
			"placeHolder": "",
			"placeHolderEn": "",
			"groupID": "BillGroup11",
			"groupName": "支付信息",
			"groupNameEn": "",
			"format": {},
			"childElement": [],
			"orderBy": 27,
			"key": "TotalAmount",
			"dataPrecision": "2",
			"roundType": 0,
			"maxLength": 10
		},
		{
			"elementType": 13,
			"readOnly": true,
			"lable": "附件",
			"lableEn": "",
			"placeHolder": "请选择",
			"placeHolderEn": "",
			"groupID": "BillGroup13",
			"groupName": "附件",
			"groupNameEn": "",
			"format": {},
			"childElement": [],
			"orderBy": 29,
			"key": "Doc_Json",
			"dataPrecision": "0",
			"roundType": 0,
			"maxLength": 0
		},
		{
			"elementType": 8,
			"readOnly": true,
			"lable": "备注",
			"lableEn": "",
			"placeHolder": "请输入",
			"placeHolderEn": "",
			"groupID": "BillGroup15",
			"groupName": "",
			"groupNameEn": "",
			"format": {},
			"childElement": [],
			"orderBy": 31,
			"key": "Remark",
			"dataPrecision": "0",
			"roundType": 0,
			"maxLength": 150
		}
	],
	"dataSources": [
		{
			"sourceType": 1,
			"sourceKey": "detailRequest",
			"url": "/AppClient/AppGetPurPayApplyDtlInfo.aspx",
			"requestType": 1,
			"params": {
				"expression": "{\"PayApplyDtlID\":\"%s\"}",
				"paramKey": "BizID"
			}
		},
		{
			"sourceType": 3,
			"sourceKey": "PayStatus",
			"multiSelect": false,
			"url": "",
			"relatedID": "",
			"modelBindType": 0,
			"localParams": {},
			"changeKeys": "BillGroup7,BILLINVOICEPAYRETIONDTLList,invoiceCode,buyerCompanyName,taxAmount,invoiceSummaryAmount",
			"params": {
				"expression": "[{\"staticName\":\"收票付款\",\"staticID\":\"001\",\"staticCD\":\"0\"},{\"staticName\":\"预付款\",\"staticID\":\"002\",\"staticCD\":\"1\",\"isDefault\":\"true\"}]"
			},
			"modelBinds": []
		},
		{
			"sourceType": 1,
			"sourceKey": "SupplierName",
			"multiSelect": false,
			"url": "/AppClient/AppGetSupplierInfoList.aspx",
			"relatedID": "SupplierID",
			"localParams": {},
			"modelBindType": 0,
			"filterID": "",
			"requestType": 1,
			"params": {
				"expression": "{\"LegalUnitID\":\"%s\",\"page_number\":\"%s\",\"page_Size\":\"%s\",\"isAll\":\"%s\",\"SupplierStatus\":\"%s\"}",
				"paramKey": "legalUnitID,(pn),(ps),:true,:2"
			},
			"modelBinds": [
				{
					"modelKey": "SupplierName",
					"dataSourceKey": "SupplierName",
					"parentKey": ""
				},
				{
					"modelKey": "SupplierID",
					"dataSourceKey": "SupplierID",
					"parentKey": ""
				}
			]
		},
		{
			"sourceType": 1,
			"sourceKey": "ItemClass",
			"multiSelect": false,
			"url": "/AppClient/AppGetCommonStaticList.aspx",
			"relatedID": "STATIC_CD",
			"modelBindType": 0,
			"requestType": 1,
			"localParams": {},
			"params": {
				"expression": "{\"LegalUnitID\":\"%s\",\"page_number\":\"%s\",\"page_Size\":\"%s\",\"static_cd\":\"%s\"}",
				"paramKey": "legalUnitID,:1,:1000,:ItemClass"
			},
			"modelBinds": [
				{
					"modelKey": "ItemClass",
					"dataSourceKey": "STATIC_VALUE"
				},
				{
					"modelKey": "STATIC_CD",
					"dataSourceKey": "STATIC_CD"
				},
				{
					"modelKey": "ItemClassID",
					"dataSourceKey": "STATIC_ID"
				},
				{
					"modelKey": "ItemClassCD",
					"dataSourceKey": "STATIC_CD"
				}
			]
		},
		{
			"sourceType": 1,
			"sourceKey": "ItemCategory",
			"multiSelect": false,
			"url": "/AppClient/AppGetPurItemCategoryList.aspx",
			"relatedID": "ItemCategoryID",
			"modelBindType": 0,
			"changeKeys": "",
			"requestType": 1,
			"localParams": {},
			"params": {
				"expression": "{\"LegalUnitID\":\"%s\",\"page_number\":\"%s\",\"page_Size\":\"%s\",\"ItemClassID\":\"%s\"}",
				"paramKey": "legalUnitID,:1,:1000,ItemClassID"
			},
			"modelBinds": [
				{
					"modelKey": "ItemCategory",
					"dataSourceKey": "ItemCategory"
				},
				{
					"modelKey": "ItemCategoryID",
					"dataSourceKey": "ItemCategoryID"
				}
			]
		},
		{
			"sourceType": 1,
			"sourceKey": "BILLINVOICEPAYRETIONDTLList",
			"multiSelect": true,
			"url": "/AppClient/AppGetAvaliableInvoiceList.ashx",
			"relatedID": "invoiceId",
			"localParams": {},
			"modelBindType": 2,
			"filterID": "SupplierID,SupplierID",
			"changeKeys": "Currency",
			"returnOld": true,
			"relateAndEdit": false,
			"newModuleID": "T_BILL_INVOICE",
			"newModuleTemType": "T_BILL_INVOICE",
			"requestType": 1,
			"needEditFlagKey": "",
			"params": {
				"expression": "{\"flag\":\"%s\",\"pageIndex\":\"%s\",\"pageSize\":\"%s\",\"SupplierID\":\"%s\",\"PayApplyDtlID\":\"%s\"}",
				"paramKey": ":1,(pn),(ps),SupplierID,PayApplyDtlID"
			},
			"modelBinds": [
				{
					"modelKey": "sellerCompanyName",
					"dataSourceKey": "sellerCompanyName"
				},
				{
					"modelKey": "buyerCompanyName",
					"dataSourceKey": "buyerCompanyName"
				},
				{
					"modelKey": "invoiceCategory",
					"dataSourceKey": "invoiceCategory"
				},
				{
					"modelKey": "invoiceDate",
					"dataSourceKey": "invoiceDate"
				},
				{
					"modelKey": "invoiceId",
					"dataSourceKey": "invoiceId",
					"isNeedBind": true
				},
				{
					"modelKey": "invoiceNo",
					"dataSourceKey": "invoiceNo"
				},
				{
					"modelKey": "invoiceAmount",
					"dataSourceKey": "invoiceAmount"
				},
				{
					"modelKey": "taxRate",
					"dataSourceKey": "taxRate"
				},
				{
					"modelKey": "taxAmount",
					"dataSourceKey": "taxAmount"
				},
				{
					"modelKey": "lastAmount",
					"dataSourceKey": "lastAmount"
				},
				{
					"modelKey": "CurrencyID",
					"dataSourceKey": "currency",
					"isNeedBind": true
				},
				{
					"modelKey": "Currency",
					"dataSourceKey": "currency",
					"isNeedBind": true
				},
				{
					"modelKey": "deadline",
					"dataSourceKey": "deadline"
				},
				{
					"modelKey": "validState",
					"dataSourceKey": "validState"
				},
				{
					"modelKey": "invoiceCode",
					"dataSourceKey": "invoiceCode"
				},
				{
					"modelKey": "applyStatus",
					"dataSourceKey": "applyStatus"
				},
				{
					"modelKey": "importType",
					"dataSourceKey": "importType"
				},
				{
					"modelKey": "vCode",
					"dataSourceKey": "vCode"
				},
				{
					"modelKey": "invoiceSummaryAmount",
					"dataSourceKey": "invoiceSummaryAmount"
				},
				{
					"modelKey": "totalAmount",
					"dataSourceKey": "totalAmount"
				},
				{
					"modelKey": "isBindBill",
					"dataSourceKey": "isBindBill"
				},
				{
					"modelKey": "Title",
					"dataSourceKey": "Title"
				},
				{
					"modelKey": "Desc1",
					"dataSourceKey": "Desc1"
				},
				{
					"modelKey": "Desc2",
					"dataSourceKey": "Desc2"
				},
				{
					"modelKey": "BizIcon",
					"dataSourceKey": "BizIcon"
				},
				{
					"modelKey": "BizIcon",
					"dataSourceKey": "BizIcon",
					"parentKey": ""
				},
				{
					"modelKey": "templateID",
					"dataSourceKey": "templateID"
				},
				{
					"modelKey": "templateID",
					"dataSourceKey": "BizTableName"
				},
				{
					"modelKey": "detailMobileID",
					"dataSourceKey": "invoiceId"
				},
				{
					"modelKey": "SettleAmount",
					"dataSourceKey": "SettleAmount"
				},
				{
					"modelKey": "itemLableText",
					"itemLableText": "[{\"lableText\":\"开票日期：\",\"modelKey\":\"invoiceDate\"},{\"lableText\":\"发票号：\",\"modelKey\":\"invoiceCode\"},{\"lableText\":\"税额：\",\"modelKey\":\"taxAmount\"},{\"lableText\":\"价税合计：\",\"modelKey\":\"invoiceSummaryAmount\"},{\"lableText\":\"本次支付金额：\",\"modelKey\":\"SettleAmount\"}]",
					"needLocalDeployKey": true
				},
				{
					"modelKey": "iconUrl",
					"itemLableText": "",
					"needLocalDeployKey": true
				},
				{
					"modelKey": "DETAIL_MOBILE_ID",
					"dataSourceKey": "DETAIL_MOBILE_ID"
				}
			]
		},
		{
			"sourceType": 1,
			"sourceKey": "PurPayItemInfoList",
			"multiSelect": true,
			"url": "/AppClient/AppGetPurCotrDtlRelation.aspx",
			"relatedID": "PurCotrDtlID",
			"modelBindType": 2,
			"requestType": 1,
			"changeKeys": "ItemClass",
			"relateAndEdit": true,
			"newModuleID": "T_PayRelateCotrDtl",
			"newModuleTemType": "T_PayRelateCotrDtl",
			"filterID": "ItemClassID,ItemClassID;SupplierID,SupplierID;ItemCategoryID,ItemCategoryID",
			"localParams": {},
			"returnOld": false,
			"needEditFlagKey": "PurPayItemInfoList,PurPayItemInfoList",
			"params": {
				"expression": "{\"page_number\":\"%s\",\"page_size\":\"%s\",\"ItemClassID\":\"%s\",\"PayApplyDtlID\":\"%s\",\"SupplierID\":\"%s\",\"ItemCategoryID\":\"%s\"}",
				"paramKey": "(pn),(ps),ItemClassID,BIZ_ID,SupplierID,ItemCategoryID"
			},
			"modelBinds": [
				{
					"modelKey": "ArriveDate",
					"dataSourceKey": "ArriveDate"
				},
				{
					"modelKey": "LastTaxRateStr",
					"dataSourceKey": "LastTaxRateStr"
				},
				{
					"modelKey": "LastTax",
					"dataSourceKey": "LastTax"
				},
				{
					"modelKey": "LastTotalAmount",
					"dataSourceKey": "LastTotalAmount"
				},
				{
					"modelKey": "LegalUnitID",
					"dataSourceKey": "LegalUnitID"
				},
				{
					"modelKey": "PurCotrDtlID",
					"dataSourceKey": "PurCotrDtlID"
				},
				{
					"modelKey": "PurCotrSignID",
					"dataSourceKey": "PurCotrSignID"
				},
				{
					"modelKey": "PurCotrSignCD",
					"dataSourceKey": "PurCotrSignCD"
				},
				{
					"modelKey": "AssetInfoID",
					"dataSourceKey": "AssetInfoID"
				},
				{
					"modelKey": "AssetInfoName",
					"dataSourceKey": "AssetInfoName"
				},
				{
					"modelKey": "ItemCategoryID",
					"dataSourceKey": "ItemCategoryID"
				},
				{
					"modelKey": "ItemCategory",
					"dataSourceKey": "ItemCategory"
				},
				{
					"modelKey": "ItemCD",
					"dataSourceKey": "ItemCD"
				},
				{
					"modelKey": "ItemName",
					"dataSourceKey": "ItemName"
				},
				{
					"modelKey": "Number",
					"dataSourceKey": "Number"
				},
				{
					"modelKey": "Price",
					"dataSourceKey": "Price"
				},
				{
					"modelKey": "TotalAmount",
					"dataSourceKey": "TotalAmount"
				},
				{
					"modelKey": "CurrencyID",
					"dataSourceKey": "CurrencyID"
				},
				{
					"modelKey": "CurrencyCD",
					"dataSourceKey": "CurrencyCD"
				},
				{
					"modelKey": "Currency",
					"dataSourceKey": "Currency"
				},
				{
					"modelKey": "ClaimCurrencyRate",
					"dataSourceKey": "ClaimCurrencyRate"
				},
				{
					"modelKey": "TaxRate",
					"dataSourceKey": "TaxRate"
				},
				{
					"modelKey": "Remark",
					"dataSourceKey": "Remark"
				},
				{
					"modelKey": "SupplierID",
					"dataSourceKey": "SupplierID"
				},
				{
					"modelKey": "SupplierName",
					"dataSourceKey": "SupplierName"
				},
				{
					"modelKey": "ApplyCD",
					"dataSourceKey": "ApplyCD"
				},
				{
					"modelKey": "ApplyName",
					"dataSourceKey": "ApplyName"
				},
				{
					"modelKey": "RelationAmount",
					"dataSourceKey": "RelationAmount"
				},
				{
					"modelKey": "ItemClassID",
					"dataSourceKey": "ItemClassID"
				},
				{
					"modelKey": "ItemClassCD",
					"dataSourceKey": "ItemClassCD"
				},
				{
					"modelKey": "ItemClass",
					"dataSourceKey": "ItemClass"
				},
				{
					"modelKey": "templateID",
					"dataSourceKey": "BizTableName"
				},
				{
					"modelKey": "templateID",
					"dataSourceKey": "templateID"
				},
				{
					"modelKey": "detailMobileID",
					"dataSourceKey": "PurCotrSignID"
				},
				{
					"modelKey": "BizIcon",
					"dataSourceKey": "BizIcon",
					"parentKey": ""
				},
				{
					"modelKey": "Title",
					"dataSourceKey": "Title",
					"parentKey": ""
				},
				{
					"modelKey": "Desc1",
					"dataSourceKey": "Desc1",
					"parentKey": ""
				},
				{
					"modelKey": "Desc2",
					"dataSourceKey": "Desc2",
					"parentKey": ""
				},
				{
					"modelKey": "BizID",
					"dataSourceKey": "BizID"
				},
				{
					"modelKey": "Tax",
					"dataSourceKey": "Tax"
				},
				{
					"modelKey": "PurPayDtlGetCotrDtl",
					"dataSourceKey": "PurPayDtlGetCotrDtl"
				},
				{
					"modelKey": "Amount",
					"dataSourceKey": "Amount"
				},
				{
					"modelKey": "PaidAmount",
					"dataSourceKey": "PaidAmount"
				},
				{
					"modelKey": "RelationAmount",
					"dataSourceKey": "RelationAmount"
				},
				{
					"modelKey": "PayAmount",
					"dataSourceKey": "PayAmount"
				},
				{
					"modelKey": "itemLableText",
					"itemLableText": "[{\"lableText\":\"货劳名称：\",\"modelKey\":\"AssetInfoName\"},{\"lableText\":\"币种：\",\"modelKey\":\"Currency\"},{\"lableText\":\"本次支付金额：\",\"modelKey\":\"PayAmount\"},{\"lableText\":\"合同编号：\",\"modelKey\":\"PurCotrSignCD\"},{\"lableText\":\"税额：\",\"modelKey\":\"Tax\"},{\"lableText\":\"备注：\",\"modelKey\":\"Remark\"}]",
					"needLocalDeployKey": true
				},
				{
					"modelKey": "iconUrl",
					"itemLableText": "",
					"needLocalDeployKey": true
				}
			]
		},
		{
			"sourceType": 0,
			"sourceKey": "Currency",
			"multiSelect": false,
			"url": "",
			"relatedID": "staticID",
			"localParams": {
				"androidWhere": "staticType=%s",
				"iosWhere": "staticType=%@",
				"localKey": ":3"
			},
			"modelBindType": 0,
			"filterID": "",
			"needSearch": false,
			"hidenNeedClearValue": "false",
			"modelBinds": [
				{
					"modelKey": "CurrencyID",
					"dataSourceKey": "staticID"
				},
				{
					"modelKey": "CurrencyCD",
					"dataSourceKey": "staticCD"
				},
				{
					"modelKey": "Currency",
					"dataSourceKey": "staticName"
				}
			]
		},
		{
			"sourceType": 0,
			"sourceKey": "TaxRate",
			"multiSelect": false,
			"url": "",
			"relatedID": "staticName",
			"changeKeys": "TotalAmount",
			"localParams": {
				"androidWhere": "staticType=%s",
				"iosWhere": "staticType=%@",
				"localKey": ":4"
			},
			"modelBindType": 0,
			"filterID": "",
			"needSearch": false,
			"modelBinds": [
				{
					"modelKey": "TaxRate",
					"dataSourceKey": "staticName"
				}
			]
		},
		{
			"sourceType": 0,
			"sourceKey": "IsRelation",
			"multiSelect": false,
			"url": "",
			"relatedID": "staticID",
			"localParams": {},
			"modelBindType": 0,
			"filterID": "",
			"changeKeys": "BillGroup9,BillGroup11,PurPayItemInfoList,Amount,Currency,TaxRate,Tax,TotalAmount",
			"needSearch": false,
			"modelBinds": []
		},
		{
			"sourceType": 0,
			"sourceKey": "Amount",
			"multiSelect": false,
			"url": "",
			"relatedID": "staticID",
			"localParams": {},
			"modelBindType": 0,
			"filterID": "",
			"changeKeys": "TotalAmount",
			"needSearch": false,
			"modelBinds": []
		},
		{
			"sourceType": 0,
			"sourceKey": "Tax",
			"multiSelect": false,
			"url": "",
			"relatedID": "staticID",
			"localParams": {},
			"modelBindType": 0,
			"filterID": "",
			"changeKeys": "TotalAmount",
			"needSearch": false,
			"modelBinds": []
		},
		{
			"sourceType": 1,
			"sourceKey": "ItemName",
			"multiSelect": false,
			"url": "/api/BaseData/AssetInfoTypeList",
			"relatedID": "staticID",
			"modelBindType": 0,
			"changeKeys": "",
			"requestType": 0,
			"localParams": {},
			"params": {
				"expression": "{\"LegalUnitID\":\"%s\",\"page_number\":\"%s\",\"page_Size\":\"%s\",\"ItemCategoryID\":\"%s\",\"ItemClassID\":\"%s\"}",
				"paramKey": "legalUnitID,(pn),(ps),ItemCategoryID,ItemClassID"
			},
			"modelBinds": [
				{
					"modelKey": "ItemName",
					"dataSourceKey": "staticName"
				},
				{
					"modelKey": "ItemCD",
					"dataSourceKey": "staticID"
				}
			]
		}
	],
	"expression": [
		{
			"key": "Tax",
			"operateType": 1,
			"orderBy": 0,
			"valueType": 1,
			"value": [
				{
					"key": "Amount",
					"operateType": 2,
					"orderBy": 0,
					"valueType": 1,
					"value": []
				},
				{
					"key": "TaxRate",
					"operateType": 3,
					"orderBy": 1,
					"valueType": 1,
					"value": []
				},
				{
					"key": ":100",
					"operateType": 3,
					"orderBy": 2,
					"valueType": 1,
					"value": []
				}
			]
		},
		{
			"key": "TotalAmount",
			"operateType": 1,
			"orderBy": 1,
			"valueType": 1,
			"value": [
				{
					"key": "Amount",
					"operateType": 0,
					"orderBy": 0,
					"valueType": 1,
					"value": []
				},
				{
					"key": "Tax",
					"operateType": 0,
					"orderBy": 1,
					"valueType": 1,
					"value": []
				}
			]
		}
	],
	"validateExpression": [
		{
			"validateKey": "B",
			"operateType": 5,
			"message": "供应商不可为空！",
			"messageEn": "should input reasons",
			"valueType": 1,
			"validates": [
				{
					"key": "SupplierName",
					"operateType": 12,
					"orderBy": 0,
					"valueType": 3,
					"value": []
				}
			]
		},
		{
			"validateKey": "B",
			"operateType": 5,
			"message": "采购大类未选择！",
			"messageEn": "should input reasons",
			"valueType": 1,
			"validates": [
				{
					"key": "ItemClass",
					"operateType": 12,
					"orderBy": 0,
					"valueType": 3,
					"value": []
				}
			]
		},
		{
			"validateKey": "B",
			"operateType": 5,
			"message": "货劳类别不可为空！",
			"messageEn": "should input reasons",
			"valueType": 1,
			"validates": [
				{
					"key": "ItemCategory",
					"operateType": 12,
					"orderBy": 0,
					"valueType": 3,
					"value": []
				}
			]
		},
		{
			"validateKey": "B",
			"operateType": 5,
			"message": "货劳名称不可为空！",
			"messageEn": "should input reasons",
			"valueType": 1,
			"validates": [
				{
					"key": "ItemName",
					"operateType": 12,
					"orderBy": 0,
					"valueType": 3,
					"value": []
				}
			]
		},
		{
			"validateKey": "C",
			"operateType": 5,
			"message": "请选择发票！",
			"messageEn": "should input reasons",
			"valueType": 1,
			"validates": [
				{
					"key": "PayStatus",
					"operateType": 10,
					"orderBy": 0,
					"valueType": 4,
					"compareValue": "",
					"value": [
						{
							"key": "PayStatus",
							"operateType": 5,
							"orderBy": 0,
							"valueType": 0,
							"compareValue": "1",
							"value": []
						}
					]
				},
				{
					"key": "BILLINVOICEPAYRETIONDTLList",
					"operateType": 10,
					"orderBy": 2,
					"valueType": 4,
					"compareValue": "",
					"value": [
						{
							"key": "BILLINVOICEPAYRETIONDTLList",
							"operateType": 12,
							"orderBy": 0,
							"valueType": 5,
							"compareValue": "",
							"value": []
						}
					]
				}
			]
		},
		{
			"validateKey": "C",
			"operateType": 5,
			"message": "请选择合同明细！",
			"messageEn": "should input reasons",
			"valueType": 1,
			"validates": [
				{
					"key": "IsRelation",
					"operateType": 10,
					"orderBy": 0,
					"valueType": 4,
					"compareValue": "",
					"value": [
						{
							"key": "IsRelation",
							"operateType": 5,
							"orderBy": 0,
							"valueType": 4,
							"compareValue": "false",
							"value": []
						}
					]
				},
				{
					"key": "PurPayItemInfoList",
					"operateType": 10,
					"orderBy": 2,
					"valueType": 4,
					"compareValue": "",
					"value": [
						{
							"key": "PurPayItemInfoList",
							"operateType": 12,
							"orderBy": 0,
							"valueType": 5,
							"compareValue": "",
							"value": []
						}
					]
				}
			]
		},
		{
			"validateKey": "B",
			"operateType": 5,
			"message": "备注不可为空！",
			"messageEn": "should input reasons",
			"valueType": 1,
			"validates": [
				{
					"key": "Remark",
					"operateType": 12,
					"orderBy": 0,
					"valueType": 3,
					"value": []
				}
			]
		},
		{
			"validateKey": "C",
			"operateType": 5,
			"message": "金额不能为空！",
			"messageEn": "should input reasons",
			"valueType": 1,
			"validates": [
				{
					"key": "IsRelation",
					"operateType": 10,
					"orderBy": 0,
					"valueType": 4,
					"compareValue": "",
					"value": [
						{
							"key": "IsRelation",
							"operateType": 5,
							"orderBy": 0,
							"valueType": 4,
							"compareValue": "true",
							"value": []
						}
					]
				},
				{
					"key": "Amount",
					"operateType": 10,
					"orderBy": 1,
					"valueType": 4,
					"compareValue": "",
					"value": [
						{
							"key": "Amount",
							"operateType": 12,
							"orderBy": 0,
							"valueType": 1,
							"compareValue": "",
							"value": []
						}
					]
				}
			]
		},
		{
			"validateKey": "C",
			"operateType": 5,
			"message": "金额必须大于0！",
			"messageEn": "should input reasons",
			"valueType": 1,
			"validates": [
				{
					"key": "IsRelation",
					"operateType": 10,
					"orderBy": 0,
					"valueType": 4,
					"compareValue": "",
					"value": [
						{
							"key": "IsRelation",
							"operateType": 5,
							"orderBy": 0,
							"valueType": 4,
							"compareValue": "true",
							"value": []
						}
					]
				},
				{
					"key": "Amount",
					"operateType": 10,
					"orderBy": 1,
					"valueType": 4,
					"compareValue": "",
					"value": [
						{
							"key": "Amount",
							"operateType": 4,
							"orderBy": 0,
							"valueType": 1,
							"compareValue": "0",
							"value": []
						}
					]
				}
			]
		},
		{
			"validateKey": "C",
			"operateType": 5,
			"message": "币种不能为空！",
			"messageEn": "should input reasons",
			"valueType": 1,
			"validates": [
				{
					"key": "IsRelation",
					"operateType": 10,
					"orderBy": 0,
					"valueType": 4,
					"compareValue": "",
					"value": [
						{
							"key": "IsRelation",
							"operateType": 5,
							"orderBy": 0,
							"valueType": 4,
							"compareValue": "true",
							"value": []
						}
					]
				},
				{
					"key": "Currency",
					"operateType": 10,
					"orderBy": 1,
					"valueType": 4,
					"compareValue": "",
					"value": [
						{
							"key": "Currency",
							"operateType": 12,
							"orderBy": 0,
							"valueType": 3,
							"compareValue": "",
							"value": []
						}
					]
				}
			]
		}
	],
	"legalUnitID": "000007",
	"softControlKey": [
		{
			"softControlKey": "PurPayItemInfoList",
			"operateType": 5,
			"message": "请先选择供应商！",
			"messageEn": "Please choose businesstype firstly",
			"valueType": 1,
			"validates": [
				{
					"key": "SupplierName",
					"operateType": 12,
					"orderBy": 0,
					"valueType": 3,
					"value": []
				}
			]
		},
		{
			"softControlKey": "PurPayItemInfoList",
			"operateType": 5,
			"message": "请先选择采购大类",
			"messageEn": "Please choose businesstype firstly",
			"valueType": 1,
			"validates": [
				{
					"key": "ItemClass",
					"operateType": 12,
					"orderBy": 0,
					"valueType": 3,
					"value": []
				}
			]
		},
		{
			"softControlKey": "PurPayItemInfoList",
			"operateType": 5,
			"message": "请先选择货劳类别！",
			"messageEn": "Please choose businesstype firstly",
			"valueType": 1,
			"validates": [
				{
					"key": "ItemCategory",
					"operateType": 12,
					"orderBy": 0,
					"valueType": 3,
					"value": []
				}
			]
		},
		{
			"softControlKey": "BILLINVOICEPAYRETIONDTLList",
			"operateType": 5,
			"message": "请先选择供应商！",
			"messageEn": "Please choose businesstype firstly",
			"valueType": 1,
			"validates": [
				{
					"key": "SupplierName",
					"operateType": 12,
					"orderBy": 0,
					"valueType": 3,
					"value": []
				}
			]
		},
		{
			"softControlKey": "ItemCategory",
			"operateType": 5,
			"message": "请先选择采购大类",
			"messageEn": "Please choose businesstype firstly",
			"valueType": 1,
			"validates": [
				{
					"key": "ItemClass",
					"operateType": 12,
					"orderBy": 0,
					"valueType": 3,
					"value": []
				}
			]
		},
		{
			"softControlKey": "ItemName",
			"operateType": 5,
			"message": "请先选择采购大类",
			"messageEn": "Please choose businesstype firstly",
			"valueType": 1,
			"validates": [
				{
					"key": "ItemClass",
					"operateType": 12,
					"orderBy": 0,
					"valueType": 3,
					"value": []
				}
			]
		}
	],
	"visibleKeys": [
		{
			"key": "BillGroup9",
			"operateType": 11,
			"orderBy": 1,
			"valueType": 5,
			"compareValue": "",
			"value": [
				{
					"key": "IsRelation",
					"operateType": 5,
					"orderBy": 0,
					"valueType": 4,
					"compareValue": "true",
					"value": []
				}
			]
		},
		{
			"key": "PurPayItemInfoList",
			"operateType": 11,
			"orderBy": 1,
			"valueType": 5,
			"compareValue": "",
			"value": [
				{
					"key": "IsRelation",
					"operateType": 5,
					"orderBy": 0,
					"valueType": 4,
					"compareValue": "true",
					"value": []
				}
			]
		},
		{
			"key": "Amount",
			"operateType": 1,
			"orderBy": 0,
			"valueType": 1,
			"value": [
				{
					"key": "IsRelation",
					"operateType": 5,
					"orderBy": 0,
					"valueType": 4,
					"compareValue": "false",
					"value": []
				}
			]
		},
		{
			"key": "Currency",
			"operateType": 1,
			"orderBy": 0,
			"valueType": 1,
			"value": [
				{
					"key": "IsRelation",
					"operateType": 5,
					"orderBy": 0,
					"valueType": 4,
					"compareValue": "false",
					"value": []
				}
			]
		},
		{
			"key": "TaxRate",
			"operateType": 1,
			"orderBy": 0,
			"valueType": 1,
			"value": [
				{
					"key": "IsRelation",
					"operateType": 5,
					"orderBy": 0,
					"valueType": 4,
					"compareValue": "false",
					"value": []
				}
			]
		},
		{
			"key": "Tax",
			"operateType": 1,
			"orderBy": 0,
			"valueType": 1,
			"value": [
				{
					"key": "IsRelation",
					"operateType": 5,
					"orderBy": 0,
					"valueType": 4,
					"compareValue": "false",
					"value": []
				}
			]
		},
		{
			"key": "TotalAmount",
			"operateType": 1,
			"orderBy": 0,
			"valueType": 1,
			"value": [
				{
					"key": "IsRelation",
					"operateType": 5,
					"orderBy": 0,
					"valueType": 4,
					"compareValue": "false",
					"value": []
				}
			]
		},
		{
			"key": "BillGroup11",
			"operateType": 1,
			"orderBy": 0,
			"valueType": 1,
			"value": [
				{
					"key": "IsRelation",
					"operateType": 5,
					"orderBy": 0,
					"valueType": 4,
					"compareValue": "false",
					"value": []
				}
			]
		},
		{
			"key": "BILLINVOICEPAYRETIONDTLList",
			"operateType": 1,
			"orderBy": 0,
			"valueType": 1,
			"value": [
				{
					"key": "PayStatus",
					"operateType": 5,
					"orderBy": 0,
					"valueType": 0,
					"compareValue": "0",
					"value": []
				}
			]
		},
		{
			"key": "BillGroup7",
			"operateType": 1,
			"orderBy": 0,
			"valueType": 1,
			"value": [
				{
					"key": "PayStatus",
					"operateType": 5,
					"orderBy": 0,
					"valueType": 0,
					"compareValue": "0",
					"value": []
				}
			]
		}
	],
	"enableKeys": [
		{
			"key": "Tax",
			"operateType": 1,
			"orderBy": 0,
			"valueType": 3,
			"value": [
				{
					"key": "IsRelation",
					"operateType": 5,
					"orderBy": 0,
					"valueType": 4,
					"compareValue": "true",
					"value": []
				}
			]
		},
		{
			"key": "TotalAmount",
			"operateType": 1,
			"orderBy": 0,
			"valueType": 3,
			"value": [
				{
					"key": "IsRelation",
					"operateType": 5,
					"orderBy": 0,
					"valueType": 4,
					"compareValue": "true",
					"value": []
				}
			]
		},
		{
			"key": "Currency",
			"operateType": 1,
			"orderBy": 0,
			"valueType": 3,
			"value": [
				{
					"key": "BILLINVOICEPAYRETIONDTLList",
					"operateType": 13,
					"orderBy": 0,
					"valueType": 0,
					"compareValue": "",
					"value": []
				}
			]
		},
		{
			"key": "SupplierName",
			"operateType": 1,
			"orderBy": 0,
			"valueType": 3,
			"value": [
				{
					"key": "PurPayApplyMstViewInfo",
					"operateType": 11,
					"orderBy": 0,
					"valueType": 3,
					"compareValue": "true",
					"value": []
				}
			]
		},
		{
			"key": "ItemClass",
			"operateType": 1,
			"orderBy": 0,
			"valueType": 3,
			"value": [
				{
					"key": "PurPayApplyMstViewInfo",
					"operateType": 11,
					"orderBy": 0,
					"valueType": 3,
					"compareValue": "true",
					"value": []
				}
			]
		},
		{
			"key": "ItemCategory",
			"operateType": 1,
			"orderBy": 0,
			"valueType": 3,
			"value": [
				{
					"key": "PurPayApplyMstViewInfo",
					"operateType": 11,
					"orderBy": 0,
					"valueType": 3,
					"compareValue": "true",
					"value": []
				}
			]
		},
		{
			"key": "ItemName",
			"operateType": 1,
			"orderBy": 0,
			"valueType": 3,
			"value": [
				{
					"key": "PurPayApplyMstViewInfo",
					"operateType": 11,
					"orderBy": 0,
					"valueType": 3,
					"compareValue": "true",
					"value": []
				}
			]
		}
	],
	"clearKeys": [
		{
			"key": "ItemClass",
			"affectKeys": "PurPayItemInfoList,ItemName,ItemCategory",
			"clearCompareKey": "ItemClassCD,STATIC_CD",
			"message": "修改采购大类会清空货劳类别、货劳名称、合同签批，是否确定修改？",
			"messageEn": "Replacing the travel application form will clear the expense flow"
		},
		{
			"key": "SupplierName",
			"affectKeys": "PurPayItemInfoList,BILLINVOICEPAYRETIONDTLList",
			"clearCompareKey": "SupplierID,SupplierID",
			"message": "修改供应商会清空发票信息、合同签批，是否确定修改？",
			"messageEn": "Replacing the travel application form will clear the expense flow"
		},
		{
			"key": "ItemCategory",
			"affectKeys": "PurPayItemInfoList,ItemName",
			"clearCompareKey": "ItemCategoryID,ItemCategoryID",
			"message": "修改货劳类别会清空货劳名称、合同签批，是否确定修改？",
			"messageEn": "Replacing the travel application form will clear the expense flow"
		}
	],
	"transEntities": [
		{
			"modelKey": "BIZ_ID",
			"remoteKey": "BizID",
			"isOutsideKey": false
		},
		{
			"modelKey": "DOC_LIST_COUNT",
			"remoteKey": "DOC_PATHS_COUNT",
			"isOutsideKey": false
		},
		{
			"modelKey": "EditFlag",
			"remoteKey": "action_type",
			"isOutsideKey": true
		},
		{
			"modelKey": "ApplyDeptID",
			"remoteKey": "ApplyDeptID",
			"isOutsideKey": true
		},
		{
			"modelKey": "ApplyDept",
			"remoteKey": "ApplyDept",
			"isOutsideKey": true
		},
		{
			"modelKey": "root",
			"remoteKey": "bizdata",
			"isOutsideKey": true
		},
		{
			"modelKey": "detailMobileID",
			"remoteKey": "DETAIL_MOBILE_ID"
		},
		{
			"modelKey": "PurPayItemInfoList.detailMobileID",
			"remoteKey": "PurPayItemInfoList.PurCotrSignID"
		},
		{
			"modelKey": "PurPayItemInfoList.BizID",
			"remoteKey": "PurPayItemInfoList.PurCotrSignID"
		},
		{
			"modelKey": "PurPayItemInfoList.templateID",
			"remoteKey": "PurPayItemInfoList.BizTableName"
		},
		{
			"modelKey": "BILLINVOICEPAYRETIONDTLList.invoiceId",
			"remoteKey": "BILLINVOICEPAYRETIONDTLList.InvoiceId"
		},
		{
			"modelKey": "BILLINVOICEPAYRETIONDTLList.templateID",
			"remoteKey": "BILLINVOICEPAYRETIONDTLList.BizTableName"
		},
		{
			"modelKey": "BILLINVOICEPAYRETIONDTLList.detailMobileID",
			"remoteKey": "BILLINVOICEPAYRETIONDTLList.InvoiceId"
		},
		{
			"modelKey": "BILLINVOICEPAYRETIONDTLList.invoiceDate",
			"remoteKey": "BILLINVOICEPAYRETIONDTLList.InvoiceDate"
		},
		{
			"modelKey": "BILLINVOICEPAYRETIONDTLList.invoiceCode",
			"remoteKey": "BILLINVOICEPAYRETIONDTLList.InvoiceCode"
		},
		{
			"modelKey": "BILLINVOICEPAYRETIONDTLList.invoiceNo",
			"remoteKey": "BILLINVOICEPAYRETIONDTLList.InvoiceNo"
		},
		{
			"modelKey": "BILLINVOICEPAYRETIONDTLList.taxAmount",
			"remoteKey": "BILLINVOICEPAYRETIONDTLList.TaxAmount"
		},
		{
			"modelKey": "BILLINVOICEPAYRETIONDTLList.invoiceSummaryAmount",
			"remoteKey": "BILLINVOICEPAYRETIONDTLList.InvoiceSummaryAmount"
		},
		{
			"modelKey": "itemLableText",
			"remoteKey": "itemLableText"
		}
	],
	"intKey": "BILLINVOICEPAYRETIONDTLList.ValidState,BILLINVOICEPAYRETIONDTLList.validState,StatusSource.Status,FIStatus,PurApplyType,R_RECORD_STATUS,PurPayItemInfoList.TaxRate,PayStatus,TaxRate,PurPayItemInfoList.TaxRateNullable,PurPayItemInfoList.R_RECORD_STATUS,PurPayItemInfoList.DOC_LIST_COUNT,PurPayItemInfoList.DOC_PATHS_COUNT,PurPayItemInfoList.EditFlag,SupplierStatus,ER_RECORD_STATUS,TaxRateNullable,BILLINVOICEPAYRETIONDTLList.SettleNum,BILLINVOICEPAYRETIONDTLList.R_RECORD_STATUS,BILLINVOICEPAYRETIONDTLList.EditFlag,BILLINVOICEPAYRETIONDTLList.invoiceCategory,BILLINVOICEPAYRETIONDTLList.InvoiceCategory,BILLINVOICEPAYRETIONDTLList.SettleAmount,BILLINVOICEPAYRETIONDTLList.invoiceAmount"
}