{
	"pageLevel": 0,
	"templateVersion": "1",
	"documentType": 0,
	"docBusinessType": 0,
	"templateName": "出差申请单",
	"simpleName": "出差申请",
	"templateID": "T_TravelApplyMst",
	"templateType": "T_TravelApplyMst",
	"simpleType": "TA",
	"saveSuccessKey": "Head.Ret",
	"saveFailKey": "Head.Msg",
	"saveRequestType": 0,
	"saveUrl": "api/Expense/UploadBizInfo",
	"submitUrl": "api/Expense/UploadBizInfo",
	"elements": [
		{
			"elementType": 0,
			"readOnly": true,
			"lable": "单据号",
			"lableEn": "",
			"placeHolder": "",
			"placeHolderEn": "",
			"groupID": "BillGroup0",
			"groupName": "",
			"groupNameEn": "",
			"format": {},
			"childElement": [],
			"orderBy": 2,
			"key": "travelApplyCD",
			"dataPrecision": "0",
			"roundType": 0,
			"maxLength": 20
		},
		{
			"elementType": 5,
			"readOnly": true,
			"lable": "申请部门",
			"lableEn": "",
			"placeHolder": "请选择",
			"placeHolderEn": "",
			"groupID": "BillGroup1",
			"groupName": "申请信息",
			"groupNameEn": "",
			"format": {},
			"childElement": [],
			"orderBy": 3,
			"key": "costCenterName",
			"dataPrecision": "0",
			"roundType": 0,
			"maxLength": 20
		},
		{
			"elementType": 8,
			"readOnly": true,
			"lable": "申请事由",
			"lableEn": "",
			"placeHolder": "请输入",
			"placeHolderEn": "",
			"groupID": "BillGroup1",
			"groupName": "申请信息",
			"groupNameEn": "",
			"format": {},
			"childElement": [],
			"orderBy": 5,
			"key": "remark",
			"dataPrecision": "0",
			"roundType": 0,
			"maxLength": 150
		},
		{
			"elementType": 18,
			"readOnly": true,
			"lable": "出行人",
			"lableEn": "",
			"placeHolder": "请选择",
			"placeHolderEn": "",
			"groupID": "BillGroup1",
			"groupName": "申请信息",
			"groupNameEn": "",
			"format": {},
			"childElement": [],
			"orderBy": 7,
			"key": "EmployeeName",
			"dataPrecision": "0",
			"roundType": 0,
			"maxLength": 20
		},
		{
			"elementType": 5,
			"readOnly": true,
			"lable": "入账部门",
			"lableEn": "",
			"placeHolder": "请选择",
			"placeHolderEn": "",
			"groupID": "BillGroup1",
			"groupName": "申请信息",
			"groupNameEn": "",
			"format": {},
			"childElement": [],
			"orderBy": 9,
			"key": "chargeCostCenter",
			"dataPrecision": "0",
			"roundType": 0,
			"maxLength": 20
		},
		{
			"elementType": 5,
			"readOnly": true,
			"lable": "入账项目",
			"lableEn": "",
			"placeHolder": "请选择",
			"placeHolderEn": "",
			"groupID": "BillGroup1",
			"groupName": "申请信息",
			"groupNameEn": "",
			"format": {},
			"childElement": [],
			"orderBy": 11,
			"key": "billProject",
			"dataPrecision": "0",
			"roundType": 0,
			"maxLength": 20
		},
		{
			"elementType": 5,
			"readOnly": true,
			"lable": "审批方式",
			"lableEn": "",
			"placeHolder": "请选择",
			"placeHolderEn": "",
			"groupID": "BillGroup1",
			"groupName": "申请信息",
			"groupNameEn": "",
			"format": {},
			"childElement": [],
			"orderBy": 13,
			"key": "approveTypeName",
			"dataPrecision": "0",
			"roundType": 0,
			"maxLength": 20
		},
		{
			"elementType": 5,
			"readOnly": true,
			"lable": "业务类型",
			"lableEn": "",
			"placeHolder": "请选择",
			"placeHolderEn": "",
			"groupID": "BillGroup1",
			"groupName": "申请信息",
			"groupNameEn": "",
			"format": {},
			"childElement": [],
			"orderBy": 15,
			"key": "businessType",
			"dataPrecision": "0",
			"roundType": 0,
			"maxLength": 20
		},
		{
			"elementType": 15,
			"readOnly": true,
			"lable": "预算费用",
			"lableEn": "",
			"placeHolder": "",
			"placeHolderEn": "",
			"groupID": "BillGroup2",
			"groupName": "预算",
			"groupNameEn": "",
			"format": {},
			"childElement": [],
			"orderBy": 17,
			"key": "applyBudget",
			"dataPrecision": "0",
			"roundType": 0,
			"maxLength": 20
		},
		{
			"elementType": 4,
			"readOnly": true,
			"lable": "现金预支",
			"lableEn": "",
			"placeHolder": "",
			"placeHolderEn": "",
			"groupID": "BillGroup3",
			"groupName": "现金预支",
			"groupNameEn": "",
			"format": {},
			"childElement": [],
			"orderBy": 19,
			"key": "needCashAdvance",
			"dataPrecision": "0",
			"roundType": 0,
			"maxLength": 20
		},
		{
			"elementType": 5,
			"readOnly": true,
			"lable": "结算币种",
			"lableEn": "",
			"placeHolder": "请选择",
			"placeHolderEn": "",
			"groupID": "BillGroup3",
			"groupName": "现金预支",
			"groupNameEn": "",
			"format": {},
			"childElement": [],
			"orderBy": 21,
			"key": "settleMethodName",
			"dataPrecision": "0",
			"roundType": 0,
			"maxLength": 20
		},
		{
			"elementType": 5,
			"readOnly": true,
			"lable": "支付方式",
			"lableEn": "",
			"placeHolder": "请选择",
			"placeHolderEn": "",
			"groupID": "BillGroup3",
			"groupName": "现金预支",
			"groupNameEn": "",
			"format": {},
			"childElement": [],
			"orderBy": 23,
			"key": "payMethod",
			"dataPrecision": "0",
			"roundType": 0,
			"maxLength": 20
		},
		{
			"elementType": 2,
			"readOnly": true,
			"lable": "最终收款人",
			"lableEn": "",
			"placeHolder": "请输入",
			"placeHolderEn": "",
			"groupID": "BillGroup3",
			"groupName": "现金预支",
			"groupNameEn": "",
			"format": {},
			"childElement": [],
			"orderBy": 25,
			"key": "finalPayee",
			"dataPrecision": "0",
			"roundType": 0,
			"maxLength": 50
		},
		{
			"elementType": 9,
			"readOnly": true,
			"lable": "卡号",
			"lableEn": "",
			"placeHolder": "请输入",
			"placeHolderEn": "",
			"groupID": "BillGroup3",
			"groupName": "现金预支",
			"groupNameEn": "",
			"format": {},
			"childElement": [],
			"orderBy": 27,
			"key": "bankCard",
			"dataPrecision": "0",
			"roundType": 0,
			"maxLength": 25
		},
		{
			"elementType": 2,
			"readOnly": true,
			"lable": "开户银行",
			"lableEn": "",
			"placeHolder": "请输入",
			"placeHolderEn": "",
			"groupID": "BillGroup3",
			"groupName": "现金预支",
			"groupNameEn": "",
			"format": {},
			"childElement": [],
			"orderBy": 29,
			"key": "bankAddress",
			"dataPrecision": "0",
			"roundType": 0,
			"maxLength": 50
		},
		{
			"elementType": 14,
			"readOnly": true,
			"lable": "添加行程",
			"lableEn": "",
			"placeHolder": "",
			"placeHolderEn": "",
			"groupID": "BillGroup4",
			"groupName": "行程",
			"groupNameEn": "",
			"format": {},
			"childElement": [],
			"orderBy": 31,
			"key": "travelTrip",
			"dataPrecision": "0",
			"roundType": 0,
			"maxLength": 20,
			"pageLevel": 2
		},
		{
			"elementType": 13,
			"readOnly": true,
			"lable": "附件",
			"lableEn": "",
			"placeHolder": "请选择",
			"placeHolderEn": "",
			"groupID": "BillGroup10",
			"groupName": "附件",
			"groupNameEn": "",
			"format": {},
			"childElement": [],
			"orderBy": 50,
			"key": "Doc_Json",
			"dataPrecision": "0",
			"roundType": 0,
			"maxLength": 20
		}
	],
	"dataSources": [
		{
			"sourceType": 1,
			"sourceKey": "detailRequest",
			"url": "/api/Expense/EditingBizInfo",
			"requestType": 0,
			"params": {
				"expression": "{\"BizID\":\"%s\",\"BizType\":\"%s\"}",
				"paramKey": "BizID,BizType"
			}
		},
		{
			"sourceType": 0,
			"sourceKey": "chargeCostCenter",
			"multiSelect": false,
			"url": "",
			"relatedID": "staticID",
			"modelBindType": 0,
			"localParams": {
				"androidWhere": "staticType=%s",
				"iosWhere": "staticType=%@",
				"localKey": ":8"
			},
			"params": {},
			"modelBinds": [
				{
					"modelKey": "chargeCostCenter",
					"dataSourceKey": "staticName",
					"parentKey": "GetCities"
				},
				{
					"modelKey": "chargeCostCenterID",
					"dataSourceKey": "staticID",
					"parentKey": "GetCities"
				},
				{
					"modelKey": "chargeCostCenterCD",
					"dataSourceKey": "staticCD",
					"parentKey": "GetCities"
				}
			]
		},
		{
			"sourceType": 1,
			"sourceKey": "billProject",
			"multiSelect": false,
			"url": "/api/BaseData/GetProjectByChargeCostCenterID",
			"relatedID": "staticID",
			"modelBindType": 0,
			"changeKeys": "",
			"requestType": 0,
			"localParams": {},
			"params": {
				"expression": "{\"LegalUnitID\":\"%s\",\"ChargeCostCenterID\":\"%s\",\"Page\":\"%s\",\"PageSize\":\"%s\"}",
				"paramKey": "legalUnitID,chargeCostCenterID,(pn),(ps)"
			},
			"modelBinds": [
				{
					"modelKey": "billProject",
					"dataSourceKey": "staticName",
					"parentKey": "GetCities"
				},
				{
					"modelKey": "billProjectID",
					"dataSourceKey": "staticID",
					"parentKey": "GetCities"
				}
			]
		},
		{
			"sourceType": 0,
			"sourceKey": "approveTypeName",
			"multiSelect": false,
			"url": "",
			"relatedID": "staticID",
			"modelBindType": 0,
			"localParams": {
				"androidWhere": "staticType=%s",
				"iosWhere": "staticType=%@",
				"localKey": ":17"
			},
			"params": {},
			"modelBinds": [
				{
					"modelKey": "approveTypeName",
					"dataSourceKey": "staticName",
					"parentKey": "GetCities"
				},
				{
					"modelKey": "approveType",
					"dataSourceKey": "staticID",
					"parentKey": "GetCities"
				}
			]
		},
		{
			"sourceType": 1,
			"sourceKey": "businessType",
			"multiSelect": false,
			"url": "/api/BaseData/GetBusineesTypeByChargeCostCenterID",
			"relatedID": "staticID",
			"modelBindType": 0,
			"changeKeys": "",
			"localParams": {},
			"requestType": 0,
			"params": {
				"expression": "{\"LegalUnitID\":\"%s\",\"ChargeCostCenterID\":\"%s\",\"BizType\":\"%s\",\"Page\":\"%s\",\"PageSize\":\"%s\"}",
				"paramKey": "legalUnitID,chargeCostCenterID,templateType,(pn),(ps)"
			},
			"modelBinds": [
				{
					"modelKey": "businessType",
					"dataSourceKey": "staticName",
					"parentKey": "GetCities"
				},
				{
					"modelKey": "businessTypeID",
					"dataSourceKey": "staticID",
					"parentKey": "GetCities"
				}
			]
		},
		{
			"sourceType": 0,
			"sourceKey": "payMethod",
			"multiSelect": false,
			"url": "",
			"relatedID": "staticID",
			"modelBindType": 0,
			"changeKeys": "bankCard,bankAddress",
			"localParams": {
				"androidWhere": "staticType=%s",
				"iosWhere": "staticType=%@",
				"localKey": ":19"
			},
			"params": {},
			"modelBinds": [
				{
					"modelKey": "payMethod",
					"dataSourceKey": "staticName",
					"parentKey": "GetCities"
				},
				{
					"modelKey": "payMethodID",
					"dataSourceKey": "staticID",
					"parentKey": "GetCities"
				}
			]
		},
		{
			"sourceType": 0,
			"sourceKey": "settleMethodName",
			"multiSelect": false,
			"url": "",
			"relatedID": "staticID",
			"modelBindType": 0,
			"localParams": {
				"androidWhere": "staticType=%s",
				"iosWhere": "staticType=%@",
				"localKey": ":20"
			},
			"params": {},
			"modelBinds": [
				{
					"modelKey": "settleMethodName",
					"dataSourceKey": "staticName",
					"parentKey": "GetCities"
				},
				{
					"modelKey": "settleMethod",
					"dataSourceKey": "staticID",
					"parentKey": "GetCities"
				}
			]
		},
		{
			"sourceType": 1,
			"sourceKey": "costCenterName",
			"multiSelect": false,
			"url": "/api/Account/GetOrgListByEntity",
			"relatedID": "OrgGUID",
			"modelBindType": 0,
			"localParams": {},
			"requestType": 0,
			"params": {
				"expression": "{\"LegalUnitID\":\"%s\",\"OrgType\":\"1\",\"Page\":\"%s\",\"PageSize\":\"%s\"}",
				"paramKey": "legalUnitID,(pn),(ps)"
			},
			"modelBinds": [
				{
					"modelKey": "costCenterName",
					"dataSourceKey": "FullPathName",
					"parentKey": ""
				},
				{
					"modelKey": "costCenterID",
					"dataSourceKey": "OrgGUID",
					"parentKey": ""
				},
				{
					"modelKey": "CostCenterCD",
					"dataSourceKey": "OrgCD"
				}
			]
		},
		{
			"sourceType": 2,
			"sourceKey": "applyBudget",
			"multiSelect": false,
			"url": "",
			"relatedID": "",
			"localParams": {},
			"modelBindType": 2,
			"filterID": "businessTypeID",
			"params": {},
			"needEditFlagKey": "applyBudget,ApplyDtlList",
			"modelBinds": []
		},
		{
			"sourceType": 2,
			"sourceKey": "travelTrip",
			"multiSelect": false,
			"url": "",
			"relatedID": "",
			"localParams": {},
			"modelBindType": 2,
			"filterID": "",
			"newModuleID": "T_TripApply",
			"newModuleTemType": "T_TripApply",
			"params": {},
			"needEditFlagKey": "travelTrip,TripList",
			"modelBinds": [
				{
					"modelKey": "BeginTime",
					"dataSourceKey": "BeginTime",
					"parentKey": ""
				},
				{
					"modelKey": "ArrivalTime",
					"dataSourceKey": "ArrivalTime",
					"parentKey": ""
				},
				{
					"modelKey": "LocationFrom",
					"dataSourceKey": "LocationFrom",
					"parentKey": ""
				},
				{
					"modelKey": "LocationTo",
					"dataSourceKey": "LocationTo",
					"parentKey": ""
				},
				{
					"modelKey": "TripType",
					"dataSourceKey": "TripType",
					"parentKey": ""
				},
				{
					"modelKey": "IsNeedHotel",
					"dataSourceKey": "IsNeedHotel",
					"parentKey": ""
				},
				{
					"modelKey": "Remark",
					"dataSourceKey": "Remark",
					"parentKey": ""
				},
				{
					"modelKey": "BILL_TYPE_NAME",
					"dataSourceKey": "templateName",
					"parentKey": ""
				},
				{
					"modelKey": "templateID",
					"dataSourceKey": "templateID",
					"parentKey": ""
				},
				{
					"modelKey": "CreatDateStr",
					"dataSourceKey": "LocationFrom",
					"parentKey": ""
				},
				{
					"modelKey": "ExpenseClaimReason",
					"dataSourceKey": "LocationTo",
					"parentKey": ""
				},
				{
					"modelKey": "LocationFromCD",
					"dataSourceKey": "LocationFromCD",
					"parentKey": ""
				},
				{
					"modelKey": "LocationToCD",
					"dataSourceKey": "LocationToCD",
					"parentKey": ""
				},
				{
					"modelKey": "detailMobileID",
					"dataSourceKey": "detailMobileID",
					"parentKey": ""
				},
				{
					"modelKey": "TripID",
					"dataSourceKey": "TripID",
					"parentKey": ""
				},
				{
					"modelKey": "TravelApplyID",
					"dataSourceKey": "TravelApplyID",
					"parentKey": ""
				},
				{
					"modelKey": "BizIcon",
					"dataSourceKey": "BizIcon",
					"parentKey": ""
				},
				{
					"modelKey": "TripCD",
					"dataSourceKey": "TripCD",
					"parentKey": ""
				}
			]
		},
		{
			"sourceType": 1,
			"sourceKey": "needCashAdvance",
			"multiSelect": false,
			"url": "",
			"relatedID": "",
			"localParams": {},
			"modelBindType": 0,
			"filterID": "",
			"params": {},
			"changeKeys": "payMethod,settleMethodName,finalPayee,bankCard,bankAddress",
			"modelBinds": []
		},
		{
			"sourceType": 1,
			"sourceKey": "EmployeeName",
			"multiSelect": true,
			"url": "/api/AddressList/DoloadEmployeeList",
			"relatedID": "EmployeeID",
			"localParams": {},
			"modelBindType": 2,
			"needSearch": true,
			"filterID": "",
			"params": {
				"expression": "{\"LegalUnitID\":\"%s\",\"EmployeeName\":true,\"Page\":\"%s\",\"PageSize\":\"%s\",\"EmployeeName\":\"%s\"}",
				"paramKey": "legalUnitID,(pn),(ps)"
			},
			"changeKeys": "",
			"modelBinds": [
				{
					"modelKey": "EmployeeName",
					"dataSourceKey": "EmployeeName",
					"parentKey": ""
				},
				{
					"modelKey": "EmployeeID",
					"dataSourceKey": "EmployeeID",
					"parentKey": ""
				},
				{
					"modelKey": "EmployeePhoto",
					"dataSourceKey": "EmployeePhoto",
					"parentKey": ""
				},
				{
					"modelKey": "CostCenterID",
					"dataSourceKey": "OrgID",
					"parentKey": ""
				},
				{
					"modelKey": "OrgID",
					"dataSourceKey": "OrgID",
					"parentKey": ""
				}
			]
		}
	],
	"expression": [
		{
			"key": "periods",
			"operateType": 1,
			"orderBy": 0,
			"valueType": 2,
			"value": [
				{
					"key": "arrivalTime",
					"operateType": 1,
					"orderBy": 0,
					"valueType": 2,
					"value": [],
					"dateType": 1
				},
				{
					"key": "departureTime",
					"operateType": 1,
					"orderBy": 1,
					"valueType": 0,
					"value": [],
					"dateType": 1
				}
			]
		}
	],
	"validateExpression": [
		{
			"validateKey": "B",
			"operateType": 5,
			"message": "申请部门不可为空！",
			"messageEn": "should input reasons",
			"valueType": 1,
			"validates": [
				{
					"key": "costCenterName",
					"operateType": 12,
					"orderBy": 0,
					"valueType": 3,
					"value": []
				}
			]
		},
		{
			"validateKey": "A",
			"operateType": 5,
			"message": "申请事由不可为空！",
			"messageEn": "should input reasons",
			"valueType": 1,
			"validates": [
				{
					"key": "remark",
					"operateType": 12,
					"orderBy": 0,
					"valueType": 3,
					"value": []
				}
			]
		},
		{
			"validateKey": "B",
			"operateType": 5,
			"message": "出行人不可为空！",
			"messageEn": "should input reasons",
			"valueType": 1,
			"validates": [
				{
					"key": "EmployeeName",
					"operateType": 12,
					"orderBy": 0,
					"valueType": 5,
					"value": []
				}
			]
		},
		{
			"validateKey": "C",
			"operateType": 5,
			"message": "项目审批状态下，入账项目不可为空！",
			"messageEn": "should input reasons",
			"valueType": 1,
			"validates": [
				{
					"key": "approveType",
					"operateType": 10,
					"orderBy": 0,
					"valueType": 4,
					"compareValue": "",
					"value": [
						{
							"key": "approveType",
							"operateType": 5,
							"orderBy": 0,
							"valueType": 0,
							"compareValue": "0",
							"value": []
						}
					]
				},
				{
					"key": "billProject",
					"operateType": 10,
					"orderBy": 2,
					"valueType": 4,
					"compareValue": "",
					"value": [
						{
							"key": "billProject",
							"operateType": 12,
							"orderBy": 0,
							"valueType": 3,
							"compareValue": "",
							"value": []
						}
					]
				}
			]
		},
		{
			"validateKey": "B",
			"operateType": 5,
			"message": "业务类型不可为空！",
			"messageEn": "should input reasons",
			"valueType": 1,
			"validates": [
				{
					"key": "businessType",
					"operateType": 12,
					"orderBy": 0,
					"valueType": 3,
					"value": []
				}
			]
		},
		{
			"validateKey": "C",
			"operateType": 5,
			"message": "银行卡号不可为空！",
			"messageEn": "should input reasons",
			"valueType": 1,
			"validates": [
				{
					"key": "payMethodID",
					"operateType": 10,
					"orderBy": 0,
					"valueType": 4,
					"compareValue": "",
					"value": [
						{
							"key": "payMethodID",
							"operateType": 11,
							"orderBy": 0,
							"valueType": 3,
							"compareValue": "PT03",
							"value": []
						}
					]
				},
				{
					"key": "needCashAdvance",
					"operateType": 10,
					"orderBy": 1,
					"valueType": 4,
					"compareValue": "",
					"value": [
						{
							"key": "needCashAdvance",
							"operateType": 11,
							"orderBy": 0,
							"valueType": 4,
							"compareValue": "true",
							"value": []
						}
					]
				},
				{
					"key": "bankCard",
					"operateType": 11,
					"orderBy": 2,
					"valueType": 4,
					"compareValue": "",
					"value": [
						{
							"key": "bankCard",
							"operateType": 12,
							"orderBy": 0,
							"valueType": 3,
							"compareValue": "",
							"value": []
						}
					]
				}
			]
		},
		{
			"validateKey": "C",
			"operateType": 5,
			"message": "开户银行不可为空！",
			"messageEn": "should input reasons",
			"valueType": 1,
			"validates": [
				{
					"key": "payMethodID",
					"operateType": 10,
					"orderBy": 0,
					"valueType": 4,
					"compareValue": "",
					"value": [
						{
							"key": "payMethodID",
							"operateType": 11,
							"orderBy": 0,
							"valueType": 3,
							"compareValue": "PT03",
							"value": []
						}
					]
				},
				{
					"key": "needCashAdvance",
					"operateType": 10,
					"orderBy": 1,
					"valueType": 4,
					"compareValue": "",
					"value": [
						{
							"key": "needCashAdvance",
							"operateType": 11,
							"orderBy": 0,
							"valueType": 4,
							"compareValue": "true",
							"value": []
						}
					]
				},
				{
					"key": "bankAddress",
					"operateType": 11,
					"orderBy": 2,
					"valueType": 4,
					"compareValue": "",
					"value": [
						{
							"key": "bankAddress",
							"operateType": 12,
							"orderBy": 0,
							"valueType": 3,
							"compareValue": "",
							"value": []
						}
					]
				}
			]
		},
		{
			"validateKey": "B",
			"operateType": 5,
			"message": "预算费用不可为空！",
			"messageEn": "should input reasons",
			"valueType": 1,
			"validates": [
				{
					"key": "applyBudget",
					"operateType": 12,
					"orderBy": 0,
					"valueType": 5,
					"value": []
				}
			]
		},
		{
			"validateKey": "B",
			"operateType": 5,
			"message": "最终收款人不可为空！",
			"messageEn": "should input reasons",
			"valueType": 1,
			"validates": [
				{
					"key": "needCashAdvance",
					"operateType": 10,
					"orderBy": 1,
					"valueType": 4,
					"compareValue": "",
					"value": [
						{
							"key": "needCashAdvance",
							"operateType": 11,
							"orderBy": 0,
							"valueType": 4,
							"compareValue": "true",
							"value": []
						}
					]
				},
				{
					"key": "finalPayee",
					"operateType": 10,
					"orderBy": 2,
					"valueType": 4,
					"compareValue": "",
					"value": [
						{
							"key": "finalPayee",
							"operateType": 12,
							"orderBy": 0,
							"valueType": 3,
							"compareValue": "",
							"value": []
						}
					]
				}
			]
		},
		{
			"validateKey": "C",
			"operateType": 5,
			"message": "行程不可为空！",
			"messageEn": "should input reasons",
			"valueType": 1,
			"validates": [
				{
					"key": "travelTrip",
					"operateType": 12,
					"orderBy": 0,
					"valueType": 5,
					"value": []
				}
			]
		}
	],
	"legalUnitID": "000007",
	"softControlKey": [
		{
			"softControlKey": "billProject",
			"operateType": 5,
			"message": "请先选择入账部门",
			"messageEn": "Please choose businesstype firstly",
			"valueType": 1,
			"validates": [
				{
					"key": "chargeCostCenter",
					"operateType": 12,
					"orderBy": 0,
					"valueType": 3,
					"value": []
				}
			]
		},
		{
			"softControlKey": "businessType",
			"operateType": 5,
			"message": "请先选择入账部门",
			"messageEn": "Please choose businesstype firstly",
			"valueType": 1,
			"validates": [
				{
					"key": "chargeCostCenter",
					"operateType": 12,
					"orderBy": 0,
					"valueType": 3,
					"value": []
				}
			]
		}
	],
	"visibleKeys": [
		{
			"key": "payMethod",
			"operateType": 1,
			"orderBy": 0,
			"valueType": 3,
			"value": [
				{
					"key": "needCashAdvance",
					"operateType": 5,
					"orderBy": 0,
					"valueType": 4,
					"compareValue": "true",
					"value": []
				}
			]
		},
		{
			"key": "settleMethodName",
			"operateType": 1,
			"orderBy": 0,
			"valueType": 3,
			"value": [
				{
					"key": "needCashAdvance",
					"operateType": 5,
					"orderBy": 0,
					"valueType": 4,
					"compareValue": "true",
					"value": []
				}
			]
		},
		{
			"key": "finalPayee",
			"operateType": 1,
			"orderBy": 0,
			"valueType": 3,
			"value": [
				{
					"key": "needCashAdvance",
					"operateType": 5,
					"orderBy": 0,
					"valueType": 4,
					"compareValue": "true",
					"value": []
				}
			]
		},
		{
			"key": "bankCard",
			"operateType": 1,
			"orderBy": 0,
			"valueType": 4,
			"value": [
				{
					"key": "payMethodID",
					"operateType": 9,
					"orderBy": 0,
					"valueType": 4,
					"compareValue": "",
					"value": [
						{
							"key": "payMethodID",
							"operateType": 5,
							"orderBy": 0,
							"valueType": 3,
							"compareValue": "PT03",
							"value": []
						}
					]
				},
				{
					"key": "needCashAdvance",
					"operateType": 11,
					"orderBy": 1,
					"valueType": 4,
					"compareValue": "",
					"value": [
						{
							"key": "needCashAdvance",
							"operateType": 5,
							"orderBy": 1,
							"valueType": 4,
							"compareValue": "true",
							"value": []
						}
					]
				}
			]
		},
		{
			"key": "bankAddress",
			"operateType": 1,
			"orderBy": 0,
			"valueType": 4,
			"value": [
				{
					"key": "payMethodID",
					"operateType": 9,
					"orderBy": 0,
					"valueType": 4,
					"compareValue": "",
					"value": [
						{
							"key": "payMethodID",
							"operateType": 5,
							"orderBy": 0,
							"valueType": 3,
							"compareValue": "PT03",
							"value": []
						}
					]
				},
				{
					"key": "needCashAdvance",
					"operateType": 11,
					"orderBy": 1,
					"valueType": 4,
					"compareValue": "",
					"value": [
						{
							"key": "needCashAdvance",
							"operateType": 5,
							"orderBy": 0,
							"valueType": 4,
							"compareValue": "true",
							"value": []
						}
					]
				}
			]
		},
		{
			"key": "BillGroup0",
			"operateType": 1,
			"orderBy": 0,
			"valueType": 1,
			"value": [
				{
					"key": "travelApplyCD",
					"operateType": 12,
					"orderBy": 0,
					"valueType": 3,
					"compareValue": "",
					"value": []
				}
			]
		},
		{
			"key": "travelApplyCD",
			"operateType": 12,
			"orderBy": 1,
			"valueType": 4,
			"compareValue": "",
			"value": [
				{
					"key": "travelApplyCD",
					"operateType": 12,
					"orderBy": 0,
					"valueType": 3,
					"compareValue": "",
					"value": []
				}
			]
		}
	],
	"enableKeys": [],
	"clearKeys": [
		{
			"key": "chargeCostCenter",
			"affectKeys": "businessType,businessTypeID",
			"clearCompareKey": "chargeCostCenterID,staticID",
			"message": "修改入账部门，会清空业务类型，是否确定修改？",
			"messageEn": "Replacing the travel application form will clear the expense flow"
		}
	],
	"transEntities": [
		{
			"modelKey": "EditFlag",
			"remoteKey": "ActionType",
			"isOutsideKey": true
		},
		{
			"modelKey": "templateType",
			"remoteKey": "BizType",
			"isOutsideKey": true
		},
		{
			"modelKey": "root",
			"remoteKey": "Bizdata",
			"isOutsideKey": true
		},
		{
			"modelKey": "applyBudget",
			"remoteKey": "[ApplyDtlList]"
		},
		{
			"modelKey": "applyStatus",
			"remoteKey": "ApplyStatus"
		},
		{
			"modelKey": "approveType",
			"remoteKey": "ApproveType"
		},
		{
			"modelKey": "approveTypeName",
			"remoteKey": "ApproveTypeName"
		},
		{
			"modelKey": "bankAddress",
			"remoteKey": "Bank"
		},
		{
			"modelKey": "bankCard",
			"remoteKey": "BankCard"
		},
		{
			"modelKey": "finalPayee",
			"remoteKey": "BankUser"
		},
		{
			"modelKey": "BIZ_ID",
			"remoteKey": "BizID"
		},
		{
			"modelKey": "businessTypeID",
			"remoteKey": "BusinessTypeCD"
		},
		{
			"modelKey": "businessType",
			"remoteKey": "BusinessTypeName"
		},
		{
			"modelKey": "chargeCostCenter",
			"remoteKey": "ChargeCostCenter"
		},
		{
			"modelKey": "chargeCostCenterID",
			"remoteKey": "ChargeCostCenterID"
		},
		{
			"modelKey": "costCenterID",
			"remoteKey": "CostCenterID"
		},
		{
			"modelKey": "costCenterName",
			"remoteKey": "CostCenterName"
		},
		{
			"modelKey": "detailMobileID",
			"remoteKey": "DETAIL_MOBILE_ID"
		},
		{
			"modelKey": "remark",
			"remoteKey": "ExpenseClaimReason"
		},
		{
			"modelKey": "needCashAdvance",
			"remoteKey": "IsNeedPreCashApply"
		},
		{
			"modelKey": "legalUnitID",
			"remoteKey": "LegalUnitID"
		},
		{
			"modelKey": "legalUnitName",
			"remoteKey": "LegalUnitName"
		},
		{
			"modelKey": "payMethod",
			"remoteKey": "PaymentMethod"
		},
		{
			"modelKey": "payMethodID",
			"remoteKey": "PaymentMethodID"
		},
		{
			"modelKey": "billProject",
			"remoteKey": "Project"
		},
		{
			"modelKey": "billProjectID",
			"remoteKey": "ProjectID"
		},
		{
			"modelKey": "settleMethodName",
			"remoteKey": "SettleMethodName"
		},
		{
			"modelKey": "settleMethod",
			"remoteKey": "SettleMethod"
		},
		{
			"modelKey": "EmployeeName",
			"remoteKey": "[TogetherEmployeeList]"
		},
		{
			"modelKey": "travelApplyCD",
			"remoteKey": "TravelApplyCD"
		},
		{
			"modelKey": "TravelApplyID",
			"remoteKey": "TravelApplyID"
		},
		{
			"modelKey": "travelTrip",
			"remoteKey": "[TripList]"
		},
		{
			"modelKey": "travelTrip.detailMobileID",
			"remoteKey": "travelTrip.TripID"
		},
		{
			"modelKey": "travelTrip.templateID",
			"remoteKey": "travelTrip.BizType"
		}
	],
	"intKey": "TripList.JoinOrder,travelTrip.JoinOrder,SettleMethod"
}