{
	"pageLevel": 0,
	"templateVersion": "1",
	"documentType": 0,
	"docBusinessType": 0,
	"templateName": "Daily expense apply form",
	"simpleName": "Daily expense apply",
	"templateID": "T_DailyApplyMst",
	"templateType": "T_DailyApplyMst",
	"simpleType": "DS",
	"saveSuccessKey": "Head.Ret",
	"saveFailKey": "Head.Msg",
	"saveRequestType": 0,
	"saveUrl": "api/Expense/UploadBizInfo",
	"submitUrl": "api/Expense/UploadBizInfo",
	"elements": [
		{
			"elementType": 0,
			"readOnly": true,
			"lable": "Document no",
			"lableEn": "",
			"placeHolder": "",
			"placeHolderEn": "",
			"groupID": "BillGroup0",
			"groupName": "",
			"groupNameEn": "",
			"format": {},
			"childElement": [],
			"orderBy": 2,
			"key": "travelApplyCD",
			"dataPrecision": "0",
			"roundType": 0,
			"maxLength": 20
		},
		{
			"elementType": 5,
			"readOnly": true,
			"lable": "Apply department",
			"lableEn": "",
			"placeHolder": "Please select",
			"placeHolderEn": "",
			"groupID": "BillGroup1",
			"groupName": "Apply info",
			"groupNameEn": "",
			"format": {},
			"childElement": [],
			"orderBy": 3,
			"key": "costCenterName",
			"dataPrecision": "0",
			"roundType": 0,
			"maxLength": 20
		},
		{
			"elementType": 5,
			"readOnly": true,
			"lable": "Accounting department",
			"lableEn": "",
			"placeHolder": "Please select",
			"placeHolderEn": "",
			"groupID": "BillGroup2",
			"groupName": "Accounting info",
			"groupNameEn": "",
			"format": {},
			"childElement": [],
			"orderBy": 5,
			"key": "chargeCostCenter",
			"dataPrecision": "0",
			"roundType": 0,
			"maxLength": 20
		},
		{
			"elementType": 5,
			"readOnly": true,
			"lable": "Accounting project",
			"lableEn": "",
			"placeHolder": "Please select",
			"placeHolderEn": "",
			"groupID": "BillGroup2",
			"groupName": "Accounting info",
			"groupNameEn": "",
			"format": {},
			"childElement": [],
			"orderBy": 7,
			"key": "billProject",
			"dataPrecision": "0",
			"roundType": 0,
			"maxLength": 20
		},
		{
			"elementType": 5,
			"readOnly": true,
			"lable": "Approval method",
			"lableEn": "",
			"placeHolder": "Please select",
			"placeHolderEn": "",
			"groupID": "BillGroup2",
			"groupName": "Accounting info",
			"groupNameEn": "",
			"format": {},
			"childElement": [],
			"orderBy": 9,
			"key": "approveTypeName",
			"dataPrecision": "0",
			"roundType": 0,
			"maxLength": 20
		},
		{
			"elementType": 5,
			"readOnly": true,
			"lable": "Business type",
			"lableEn": "",
			"placeHolder": "Please select",
			"placeHolderEn": "",
			"groupID": "BillGroup2",
			"groupName": "Accounting info",
			"groupNameEn": "",
			"format": {},
			"childElement": [],
			"orderBy": 11,
			"key": "businessType",
			"dataPrecision": "0",
			"roundType": 0,
			"maxLength": 20
		},
		{
			"elementType": 7,
			"readOnly": true,
			"lable": "Date",
			"lableEn": "",
			"placeHolder": "Please select",
			"placeHolderEn": "",
			"groupID": "BillGroup3",
			"groupName": "",
			"groupNameEn": "",
			"format": {
				"expression": "yyyy-MM-dd HH:mm",
				"keys": "dateTime"
			},
			"childElement": [],
			"orderBy": 13,
			"key": "dateTime",
			"dataPrecision": "0",
			"roundType": 0,
			"maxLength": 20
		},
		{
			"elementType": 2,
			"readOnly": true,
			"lable": "Participants",
			"lableEn": "",
			"placeHolder": "Please input",
			"placeHolderEn": "",
			"groupID": "BillGroup3",
			"groupName": "",
			"groupNameEn": "",
			"format": {},
			"childElement": [],
			"orderBy": 15,
			"key": "participants",
			"dataPrecision": "0",
			"roundType": 0,
			"maxLength": 100
		},
		{
			"elementType": 8,
			"readOnly": true,
			"lable": "Remark",
			"lableEn": "",
			"placeHolder": "Please input",
			"placeHolderEn": "",
			"groupID": "BillGroup3",
			"groupName": "",
			"groupNameEn": "",
			"format": {},
			"childElement": [],
			"orderBy": 17,
			"key": "remark",
			"dataPrecision": "0",
			"roundType": 0,
			"maxLength": 150
		},
		{
			"elementType": 15,
			"readOnly": true,
			"lable": "Apply budget",
			"lableEn": "",
			"placeHolder": "",
			"placeHolderEn": "",
			"groupID": "BillGroup4",
			"groupName": "",
			"groupNameEn": "",
			"format": {},
			"childElement": [],
			"orderBy": 19,
			"key": "applyBudget",
			"dataPrecision": "0",
			"roundType": 0,
			"maxLength": 20
		},
		{
			"elementType": 4,
			"readOnly": true,
			"lable": "Cash advance",
			"lableEn": "",
			"placeHolder": "",
			"placeHolderEn": "",
			"groupID": "BillGroup5",
			"groupName": "",
			"groupNameEn": "",
			"format": {},
			"childElement": [],
			"orderBy": 21,
			"key": "needCashAdvance",
			"dataPrecision": "0",
			"roundType": 0,
			"maxLength": 20
		},
		{
			"elementType": 5,
			"readOnly": true,
			"lable": "Payment method",
			"lableEn": "",
			"placeHolder": "Please select",
			"placeHolderEn": "",
			"groupID": "BillGroup5",
			"groupName": "",
			"groupNameEn": "",
			"format": {},
			"childElement": [],
			"orderBy": 23,
			"key": "payMethod",
			"dataPrecision": "0",
			"roundType": 0,
			"maxLength": 20
		},
		{
			"elementType": 5,
			"readOnly": true,
			"lable": "Settlement model",
			"lableEn": "",
			"placeHolder": "Please select",
			"placeHolderEn": "",
			"groupID": "BillGroup5",
			"groupName": "",
			"groupNameEn": "",
			"format": {},
			"childElement": [],
			"orderBy": 25,
			"key": "settleMethodName",
			"dataPrecision": "0",
			"roundType": 0,
			"maxLength": 20
		},
		{
			"elementType": 2,
			"readOnly": true,
			"lable": "Final payee",
			"lableEn": "",
			"placeHolder": "Please input",
			"placeHolderEn": "",
			"groupID": "BillGroup5",
			"groupName": "",
			"groupNameEn": "",
			"format": {},
			"childElement": [],
			"orderBy": 27,
			"key": "finalPayee",
			"dataPrecision": "0",
			"roundType": 0,
			"maxLength": 50
		},
		{
			"elementType": 9,
			"readOnly": true,
			"lable": "BankCard no",
			"lableEn": "",
			"placeHolder": "Please input",
			"placeHolderEn": "",
			"groupID": "BillGroup5",
			"groupName": "",
			"groupNameEn": "",
			"format": {},
			"childElement": [],
			"orderBy": 29,
			"key": "bankCard",
			"dataPrecision": "0",
			"roundType": 0,
			"maxLength": 25
		},
		{
			"elementType": 2,
			"readOnly": true,
			"lable": "Bank",
			"lableEn": "",
			"placeHolder": "Please input",
			"placeHolderEn": "",
			"groupID": "BillGroup5",
			"groupName": "",
			"groupNameEn": "",
			"format": {},
			"childElement": [],
			"orderBy": 31,
			"key": "bankAddress",
			"dataPrecision": "0",
			"roundType": 0,
			"maxLength": 50
		},
		{
			"elementType": 13,
			"readOnly": true,
			"lable": "Attachment",
			"lableEn": "",
			"placeHolder": "Please select",
			"placeHolderEn": "",
			"groupID": "BillGroup10",
			"groupName": "Attachment",
			"groupNameEn": "",
			"format": {},
			"childElement": [],
			"orderBy": 50,
			"key": "Doc_Json",
			"dataPrecision": "0",
			"roundType": 0,
			"maxLength": 20
		}
	],
	"dataSources": [
		{
			"sourceType": 1,
			"sourceKey": "detailRequest",
			"url": "/api/Expense/EditingBizInfo",
			"requestType": 0,
			"params": {
				"expression": "{\"BizID\":\"%s\",\"BizType\":\"%s\"}",
				"paramKey": "BizID,BizType"
			}
		},
		{
			"sourceType": 0,
			"sourceKey": "chargeCostCenter",
			"multiSelect": false,
			"url": "",
			"relatedID": "staticID",
			"modelBindType": 0,
			"localParams": {
				"androidWhere": "staticType=%s",
				"iosWhere": "staticType=%@",
				"localKey": ":8"
			},
			"params": {},
			"modelBinds": [
				{
					"modelKey": "chargeCostCenter",
					"dataSourceKey": "staticName",
					"parentKey": "GetCities"
				},
				{
					"modelKey": "chargeCostCenterID",
					"dataSourceKey": "staticID",
					"parentKey": "GetCities"
				},
				{
					"modelKey": "chargeCostCenterCD",
					"dataSourceKey": "staticCD",
					"parentKey": "GetCities"
				}
			]
		},
		{
			"sourceType": 1,
			"sourceKey": "billProject",
			"multiSelect": false,
			"url": "/api/BaseData/GetProjectByChargeCostCenterID",
			"relatedID": "staticID",
			"modelBindType": 0,
			"changeKeys": "",
			"localParams": {},
			"requestType": 0,
			"params": {
				"expression": "{\"LegalUnitID\":\"%s\",\"ChargeCostCenterID\":\"%s\",\"Page\":\"%s\",\"PageSize\":\"%s\"}",
				"paramKey": "legalUnitID,chargeCostCenterID,(pn),(ps)"
			},
			"modelBinds": [
				{
					"modelKey": "billProject",
					"dataSourceKey": "staticName",
					"parentKey": "GetCities"
				},
				{
					"modelKey": "billProjectID",
					"dataSourceKey": "staticID",
					"parentKey": "GetCities"
				}
			]
		},
		{
			"sourceType": 0,
			"sourceKey": "approveTypeName",
			"multiSelect": false,
			"url": "",
			"relatedID": "staticID",
			"modelBindType": 0,
			"localParams": {
				"androidWhere": "staticType=%s",
				"iosWhere": "staticType=%@",
				"localKey": ":17"
			},
			"params": {},
			"modelBinds": [
				{
					"modelKey": "approveTypeName",
					"dataSourceKey": "staticName",
					"parentKey": "GetCities"
				},
				{
					"modelKey": "approveType",
					"dataSourceKey": "staticID",
					"parentKey": "GetCities"
				}
			]
		},
		{
			"sourceType": 1,
			"sourceKey": "businessType",
			"multiSelect": false,
			"url": "/api/BaseData/GetBusineesTypeByChargeCostCenterID",
			"relatedID": "staticID",
			"modelBindType": 0,
			"changeKeys": "",
			"localParams": {},
			"requestType": 0,
			"params": {
				"expression": "{\"LegalUnitID\":\"%s\",\"ChargeCostCenterID\":\"%s\",\"BizType\":\"%s\",\"Page\":\"%s\",\"PageSize\":\"%s\"}",
				"paramKey": "legalUnitID,chargeCostCenterID,templateType,(pn),(ps)"
			},
			"modelBinds": [
				{
					"modelKey": "businessType",
					"dataSourceKey": "staticName",
					"parentKey": "GetCities"
				},
				{
					"modelKey": "businessTypeID",
					"dataSourceKey": "staticID",
					"parentKey": "GetCities"
				}
			]
		},
		{
			"sourceType": 1,
			"sourceKey": "costCenterName",
			"multiSelect": false,
			"url": "/api/Account/GetOrgListByEntity",
			"relatedID": "OrgGUID",
			"modelBindType": 0,
			"localParams": {},
			"requestType": 0,
			"params": {
				"expression": "{\"LegalUnitID\":\"%s\",\"OrgType\":\"1\",\"Page\":\"%s\",\"PageSize\":\"%s\"}",
				"paramKey": "legalUnitID,(pn),(ps)"
			},
			"modelBinds": [
				{
					"modelKey": "costCenterName",
					"dataSourceKey": "FullPathName",
					"parentKey": ""
				},
				{
					"modelKey": "costCenterID",
					"dataSourceKey": "OrgGUID",
					"parentKey": ""
				},
				{
					"modelKey": "CostCenterCD",
					"dataSourceKey": "OrgCD"
				}
			]
		},
		{
			"sourceType": 2,
			"sourceKey": "applyBudget",
			"multiSelect": false,
			"url": "",
			"relatedID": "",
			"localParams": {},
			"modelBindType": 2,
			"filterID": "businessTypeID",
			"params": {},
			"needEditFlagKey": "applyBudget,ApplyDtlList",
			"modelBinds": []
		},
		{
			"sourceType": 0,
			"sourceKey": "needCashAdvance",
			"multiSelect": false,
			"url": "",
			"relatedID": "",
			"localParams": {},
			"modelBindType": 0,
			"filterID": "",
			"params": {},
			"changeKeys": "payMethod,settleMethodName,finalPayee,bankCard,bankAddress",
			"modelBinds": []
		},
		{
			"sourceType": 0,
			"sourceKey": "payMethod",
			"multiSelect": false,
			"url": "",
			"relatedID": "staticID",
			"modelBindType": 0,
			"changeKeys": "bankCard,bankAddress",
			"localParams": {
				"androidWhere": "staticType=%s",
				"iosWhere": "staticType=%@",
				"localKey": ":19"
			},
			"params": {},
			"modelBinds": [
				{
					"modelKey": "payMethod",
					"dataSourceKey": "staticName",
					"parentKey": "GetCities"
				},
				{
					"modelKey": "payMethodID",
					"dataSourceKey": "staticID",
					"parentKey": "GetCities"
				}
			]
		},
		{
			"sourceType": 0,
			"sourceKey": "settleMethodName",
			"multiSelect": false,
			"url": "",
			"relatedID": "staticID",
			"modelBindType": 0,
			"localParams": {
				"androidWhere": "staticType=%s",
				"iosWhere": "staticType=%@",
				"localKey": ":20"
			},
			"params": {},
			"modelBinds": [
				{
					"modelKey": "settleMethodName",
					"dataSourceKey": "staticName",
					"parentKey": "GetCities"
				},
				{
					"modelKey": "settleMethod",
					"dataSourceKey": "staticID",
					"parentKey": "GetCities"
				}
			]
		}
	],
	"expression": [],
	"validateExpression": [
		{
			"validateKey": "B",
			"operateType": 5,
			"message": "Apply department cannot be empty!",
			"messageEn": "should input reasons",
			"valueType": 1,
			"validates": [
				{
					"key": "costCenterName",
					"operateType": 12,
					"orderBy": 0,
					"valueType": 3,
					"value": []
				}
			]
		},
		{
			"validateKey": "C",
			"operateType": 5,
			"message": "In the project approval state, the Accounting project cannot be empty!",
			"messageEn": "should input reasons",
			"valueType": 1,
			"validates": [
				{
					"key": "approveType",
					"operateType": 10,
					"orderBy": 0,
					"valueType": 4,
					"compareValue": "",
					"value": [
						{
							"key": "approveType",
							"operateType": 5,
							"orderBy": 0,
							"valueType": 0,
							"compareValue": "0",
							"value": []
						}
					]
				},
				{
					"key": "billProject",
					"operateType": 10,
					"orderBy": 2,
					"valueType": 4,
					"compareValue": "",
					"value": [
						{
							"key": "billProject",
							"operateType": 12,
							"orderBy": 0,
							"valueType": 3,
							"compareValue": "",
							"value": []
						}
					]
				}
			]
		},
		{
			"validateKey": "B",
			"operateType": 5,
			"message": "Business type cannot be empty!",
			"messageEn": "should input reasons",
			"valueType": 1,
			"validates": [
				{
					"key": "businessType",
					"operateType": 12,
					"orderBy": 0,
					"valueType": 3,
					"value": []
				}
			]
		},
		{
			"validateKey": "B",
			"operateType": 5,
			"message": "Date cannot be empty!",
			"messageEn": "should input reasons",
			"valueType": 1,
			"validates": [
				{
					"key": "dateTime",
					"operateType": 12,
					"orderBy": 0,
					"valueType": 2,
					"value": []
				}
			]
		},
		{
			"validateKey": "B",
			"operateType": 5,
			"message": "Participants cannot be empty!",
			"messageEn": "should input reasons",
			"valueType": 1,
			"validates": [
				{
					"key": "participants",
					"operateType": 12,
					"orderBy": 0,
					"valueType": 3,
					"value": []
				}
			]
		},
		{
			"validateKey": "B",
			"operateType": 5,
			"message": "Remark cannot be empty!",
			"messageEn": "should input reasons",
			"valueType": 1,
			"validates": [
				{
					"key": "remark",
					"operateType": 12,
					"orderBy": 0,
					"valueType": 3,
					"value": []
				}
			]
		},
		{
			"validateKey": "B",
			"operateType": 5,
			"message": "Apply budget cannot be empty!",
			"messageEn": "should input reasons",
			"valueType": 1,
			"validates": [
				{
					"key": "applyBudget",
					"operateType": 12,
					"orderBy": 0,
					"valueType": 5,
					"value": []
				}
			]
		},
		{
			"validateKey": "B",
			"operateType": 5,
			"message": "Final payee cannot be empty!",
			"messageEn": "should input reasons",
			"valueType": 1,
			"validates": [
				{
					"key": "needCashAdvance",
					"operateType": 10,
					"orderBy": 1,
					"valueType": 4,
					"compareValue": "",
					"value": [
						{
							"key": "needCashAdvance",
							"operateType": 11,
							"orderBy": 0,
							"valueType": 4,
							"compareValue": "true",
							"value": []
						}
					]
				},
				{
					"key": "finalPayee",
					"operateType": 10,
					"orderBy": 2,
					"valueType": 4,
					"compareValue": "",
					"value": [
						{
							"key": "finalPayee",
							"operateType": 12,
							"orderBy": 0,
							"valueType": 3,
							"compareValue": "",
							"value": []
						}
					]
				}
			]
		},
		{
			"validateKey": "C",
			"operateType": 5,
			"message": "BankBankCard no cannot be empty!",
			"messageEn": "should input reasons",
			"valueType": 1,
			"validates": [
				{
					"key": "payMethodID",
					"operateType": 10,
					"orderBy": 0,
					"valueType": 4,
					"compareValue": "",
					"value": [
						{
							"key": "payMethodID",
							"operateType": 11,
							"orderBy": 0,
							"valueType": 3,
							"compareValue": "PT03",
							"value": []
						}
					]
				},
				{
					"key": "needCashAdvance",
					"operateType": 10,
					"orderBy": 1,
					"valueType": 4,
					"compareValue": "",
					"value": [
						{
							"key": "needCashAdvance",
							"operateType": 11,
							"orderBy": 0,
							"valueType": 4,
							"compareValue": "true",
							"value": []
						}
					]
				},
				{
					"key": "bankCard",
					"operateType": 11,
					"orderBy": 2,
					"valueType": 4,
					"compareValue": "",
					"value": [
						{
							"key": "bankCard",
							"operateType": 12,
							"orderBy": 0,
							"valueType": 3,
							"compareValue": "",
							"value": []
						}
					]
				}
			]
		},
		{
			"validateKey": "C",
			"operateType": 5,
			"message": "Bank cannot be empty!",
			"messageEn": "should input reasons",
			"valueType": 1,
			"validates": [
				{
					"key": "payMethodID",
					"operateType": 10,
					"orderBy": 0,
					"valueType": 4,
					"compareValue": "",
					"value": [
						{
							"key": "payMethodID",
							"operateType": 11,
							"orderBy": 0,
							"valueType": 3,
							"compareValue": "PT03",
							"value": []
						}
					]
				},
				{
					"key": "needCashAdvance",
					"operateType": 10,
					"orderBy": 1,
					"valueType": 4,
					"compareValue": "",
					"value": [
						{
							"key": "needCashAdvance",
							"operateType": 11,
							"orderBy": 0,
							"valueType": 4,
							"compareValue": "true",
							"value": []
						}
					]
				},
				{
					"key": "bankAddress",
					"operateType": 11,
					"orderBy": 2,
					"valueType": 4,
					"compareValue": "",
					"value": [
						{
							"key": "bankAddress",
							"operateType": 12,
							"orderBy": 0,
							"valueType": 3,
							"compareValue": "",
							"value": []
						}
					]
				}
			]
		}
	],
	"legalUnitID": "000007",
	"softControlKey": [
		{
			"softControlKey": "billProject",
			"operateType": 5,
			"message": "Please select the Accounting department first",
			"messageEn": "Please choose businesstype firstly",
			"valueType": 1,
			"validates": [
				{
					"key": "chargeCostCenter",
					"operateType": 12,
					"orderBy": 0,
					"valueType": 3,
					"value": []
				}
			]
		},
		{
			"softControlKey": "businessType",
			"operateType": 5,
			"message": "Please select the Accounting department first",
			"messageEn": "Please choose businesstype firstly",
			"valueType": 1,
			"validates": [
				{
					"key": "chargeCostCenter",
					"operateType": 12,
					"orderBy": 0,
					"valueType": 3,
					"value": []
				}
			]
		}
	],
	"visibleKeys": [
		{
			"key": "payMethod",
			"operateType": 1,
			"orderBy": 0,
			"valueType": 3,
			"value": [
				{
					"key": "needCashAdvance",
					"operateType": 5,
					"orderBy": 0,
					"valueType": 4,
					"compareValue": "true",
					"value": []
				}
			]
		},
		{
			"key": "travelApplyCD",
			"operateType": 12,
			"orderBy": 1,
			"valueType": 4,
			"compareValue": "",
			"value": [
				{
					"key": "travelApplyCD",
					"operateType": 12,
					"orderBy": 0,
					"valueType": 3,
					"compareValue": "",
					"value": []
				}
			]
		},
		{
			"key": "settleMethodName",
			"operateType": 1,
			"orderBy": 0,
			"valueType": 3,
			"value": [
				{
					"key": "needCashAdvance",
					"operateType": 5,
					"orderBy": 0,
					"valueType": 4,
					"compareValue": "true",
					"value": []
				}
			]
		},
		{
			"key": "finalPayee",
			"operateType": 1,
			"orderBy": 0,
			"valueType": 3,
			"value": [
				{
					"key": "needCashAdvance",
					"operateType": 5,
					"orderBy": 0,
					"valueType": 4,
					"compareValue": "true",
					"value": []
				}
			]
		},
		{
			"key": "bankCard",
			"operateType": 1,
			"orderBy": 0,
			"valueType": 4,
			"value": [
				{
					"key": "payMethodID",
					"operateType": 9,
					"orderBy": 0,
					"valueType": 4,
					"compareValue": "",
					"value": [
						{
							"key": "payMethodID",
							"operateType": 5,
							"orderBy": 0,
							"valueType": 3,
							"compareValue": "PT03",
							"value": []
						}
					]
				},
				{
					"key": "needCashAdvance",
					"operateType": 11,
					"orderBy": 1,
					"valueType": 4,
					"compareValue": "",
					"value": [
						{
							"key": "needCashAdvance",
							"operateType": 5,
							"orderBy": 1,
							"valueType": 4,
							"compareValue": "true",
							"value": []
						}
					]
				}
			]
		},
		{
			"key": "BillGroup0",
			"operateType": 1,
			"orderBy": 0,
			"valueType": 1,
			"value": [
				{
					"key": "travelApplyCD",
					"operateType": 12,
					"orderBy": 0,
					"valueType": 3,
					"compareValue": "",
					"value": []
				}
			]
		},
		{
			"key": "bankAddress",
			"operateType": 1,
			"orderBy": 0,
			"valueType": 4,
			"value": [
				{
					"key": "payMethodID",
					"operateType": 9,
					"orderBy": 0,
					"valueType": 4,
					"compareValue": "",
					"value": [
						{
							"key": "payMethodID",
							"operateType": 5,
							"orderBy": 0,
							"valueType": 3,
							"compareValue": "PT03",
							"value": []
						}
					]
				},
				{
					"key": "needCashAdvance",
					"operateType": 11,
					"orderBy": 1,
					"valueType": 4,
					"compareValue": "",
					"value": [
						{
							"key": "needCashAdvance",
							"operateType": 5,
							"orderBy": 0,
							"valueType": 4,
							"compareValue": "true",
							"value": []
						}
					]
				}
			]
		}
	],
	"enableKeys": [],
	"clearKeys": [
		{
			"key": "chargeCostCenter",
			"affectKeys": "businessType,businessTypeID",
			"clearCompareKey": "chargeCostCenterID,staticID",
			"message": "Modifying the Accounting department will clear the Business type. Are you sure to modify it?",
			"messageEn": "Replacing the travel application form will clear the expense flow"
		}
	],
	"transEntities": [
		{
			"modelKey": "EditFlag",
			"remoteKey": "ActionType",
			"isOutsideKey": true
		},
		{
			"modelKey": "templateType",
			"remoteKey": "BizType",
			"isOutsideKey": true
		},
		{
			"modelKey": "root",
			"remoteKey": "Bizdata",
			"isOutsideKey": true
		},
		{
			"modelKey": "applyBudget",
			"remoteKey": "[ApplyDtlList]"
		},
		{
			"modelKey": "applyStatus",
			"remoteKey": "ApplyStatus"
		},
		{
			"modelKey": "approveType",
			"remoteKey": "ApproveType"
		},
		{
			"modelKey": "approveTypeName",
			"remoteKey": "ApproveTypeName"
		},
		{
			"modelKey": "bankAddress",
			"remoteKey": "Bank"
		},
		{
			"modelKey": "bankCard",
			"remoteKey": "BankCard"
		},
		{
			"modelKey": "finalPayee",
			"remoteKey": "BankUser"
		},
		{
			"modelKey": "BIZ_ID",
			"remoteKey": "BizID"
		},
		{
			"modelKey": "businessTypeID",
			"remoteKey": "BusinessTypeCD"
		},
		{
			"modelKey": "businessType",
			"remoteKey": "BusinessTypeName"
		},
		{
			"modelKey": "chargeCostCenter",
			"remoteKey": "ChargeCostCenter"
		},
		{
			"modelKey": "chargeCostCenterID",
			"remoteKey": "ChargeCostCenterID"
		},
		{
			"modelKey": "costCenterID",
			"remoteKey": "CostCenterID"
		},
		{
			"modelKey": "costCenterName",
			"remoteKey": "CostCenterName"
		},
		{
			"modelKey": "detailMobileID",
			"remoteKey": "DETAIL_MOBILE_ID"
		},
		{
			"modelKey": "remark",
			"remoteKey": "ExpenseClaimReason"
		},
		{
			"modelKey": "needCashAdvance",
			"remoteKey": "IsNeedPreCashApply"
		},
		{
			"modelKey": "legalUnitID",
			"remoteKey": "LegalUnitID"
		},
		{
			"modelKey": "legalUnitName",
			"remoteKey": "LegalUnitName"
		},
		{
			"modelKey": "payMethod",
			"remoteKey": "PaymentMethod"
		},
		{
			"modelKey": "payMethodID",
			"remoteKey": "PaymentMethodID"
		},
		{
			"modelKey": "billProject",
			"remoteKey": "Project"
		},
		{
			"modelKey": "billProjectID",
			"remoteKey": "ProjectID"
		},
		{
			"modelKey": "settleMethodName",
			"remoteKey": "SettleMethodName"
		},
		{
			"modelKey": "settleMethod",
			"remoteKey": "SettleMethod"
		},
		{
			"modelKey": "travelApplyCD",
			"remoteKey": "TravelApplyCD"
		},
		{
			"modelKey": "TravelApplyID",
			"remoteKey": "TravelApplyID"
		},
		{
			"modelKey": "dateTime",
			"remoteKey": "DepartureTime"
		},
		{
			"modelKey": "participants",
			"remoteKey": "Remark"
		}
	],
	"intKey": "SettleMethod"
}