{
	"pageLevel": 0,
	"templateVersion": "1",
	"documentType": 1,
	"docBusinessType": 1,
	"templateName": "Purchase apply form",
	"simpleName": "Purchase apply",
	"templateID": "T_PurApplyMst",
	"templateType": "T_PurApplyMst",
	"simpleType": "PM",
	"saveUrl": "/AppClient/AppUploadPurApplyMst.aspx",
	"submitUrl": "/AppClient/AppUploadPurApplyMst.aspx",
	"saveSuccessKey": "SaveSuccess,upload_status",
	"saveFailKey": "upload_message",
	"saveRequestType": 1,
	"elements": [
		{
			"elementType": 5,
			"readOnly": true,
			"lable": "Apply department",
			"lableEn": "",
			"placeHolder": "Please select",
			"placeHolderEn": "",
			"groupID": "BillGroup1",
			"groupName": "",
			"groupNameEn": "",
			"format": {},
			"childElement": [],
			"orderBy": 2,
			"key": "CostCenterName",
			"dataPrecision": "0",
			"roundType": 0,
			"maxLength": 20
		},
		{
			"elementType": 5,
			"readOnly": false,
			"lable": "Accounting department",
			"lableEn": "",
			"placeHolder": "Please select",
			"placeHolderEn": "",
			"groupID": "BillGroup1",
			"groupName": "",
			"groupNameEn": "",
			"orderBy": 3,
			"key": "ChargeCostCenter",
			"dataPrecision": "0",
			"roundType": 0,
			"maxLength": 20
		},
		{
			"elementType": 5,
			"readOnly": false,
			"lable": "Accounting project",
			"lableEn": "",
			"placeHolder": "Please select",
			"placeHolderEn": "",
			"groupID": "BillGroup1",
			"groupName": "",
			"groupNameEn": "",
			"orderBy": 4,
			"key": "Project",
			"dataPrecision": "0",
			"roundType": 0,
			"maxLength": 20
		},
		{
			"elementType": 5,
			"readOnly": false,
			"lable": "Purchase category",
			"lableEn": "",
			"placeHolder": "Please select",
			"placeHolderEn": "",
			"groupID": "BillGroup1",
			"groupName": "",
			"groupNameEn": "",
			"orderBy": 5,
			"key": "ItemClass",
			"dataPrecision": "0",
			"roundType": 0,
			"maxLength": 20
		},
		{
			"elementType": 8,
			"readOnly": true,
			"lable": "Purchase & Remarks",
			"lableEn": "",
			"placeHolder": "",
			"placeHolderEn": "",
			"groupID": "BillGroup1",
			"groupName": "",
			"groupNameEn": "",
			"orderBy": 6,
			"key": "Remark",
			"dataPrecision": "0",
			"roundType": 0,
			"maxLength": 10
		},
		{
			"elementType": 14,
			"readOnly": true,
			"lable": "Purchase items",
			"lableEn": "",
			"placeHolder": "",
			"placeHolderEn": "",
			"groupID": "BillGroup1",
			"groupName": "",
			"groupNameEn": "",
			"format": {},
			"childElement": [
				{
					"elementType": 14,
					"readOnly": true,
					"lable": "Purchase items",
					"lableEn": "",
					"placeHolder": "Please select",
					"placeHolderEn": "",
					"groupID": "BillGroup1",
					"groupName": "",
					"groupNameEn": "",
					"format": {},
					"childElement": [],
					"orderBy": 1,
					"key": "expenseApply1",
					"dataPrecision": "0",
					"roundType": 0,
					"maxLength": 20
				}
			],
			"orderBy": 7,
			"key": "PurApplyDtlList",
			"dataPrecision": "0",
			"roundType": 0,
			"maxLength": 20
		}
	],
	"dataSources": [
		{
			"sourceType": 1,
			"sourceKey": "detailRequest",
			"url": "/AppClient/AppGetPurApplyMstInfo.aspx",
			"requestType": 1,
			"params": {
				"expression": "{\"PurApplyMstID\":\"%s\"}",
				"paramKey": "BizID"
			}
		},
		{
			"sourceType": 1,
			"sourceKey": "CostCenterName",
			"multiSelect": false,
			"url": "/api/Account/GetOrgListByEntity",
			"relatedID": "OrgGUID",
			"modelBindType": 0,
			"localParams": {},
			"params": {
				"expression": "{\"LegalUnitID\":\"%s\",\"OrgType\":\"%s\",\"Page\":\"%s\",\"PageSize\":\"%s\"}",
				"paramKey": "legalUnitID,:1,(pn),(ps)"
			},
			"modelBinds": [
				{
					"modelKey": "CostCenterName",
					"dataSourceKey": "FullPathName"
				},
				{
					"modelKey": "CostCenterID",
					"dataSourceKey": "OrgGUID"
				},
				{
					"modelKey": "CostCenterCD",
					"dataSourceKey": "OrgGUID"
				}
			]
		},
		{
			"sourceType": 0,
			"sourceKey": "ChargeCostCenter",
			"multiSelect": false,
			"url": "",
			"relatedID": "staticID",
			"modelBindType": 0,
			"localParams": {
				"androidWhere": "staticType=%s",
				"iosWhere": "staticType=%@",
				"localKey": ":8"
			},
			"params": {},
			"modelBinds": [
				{
					"modelKey": "ChargeCostCenter",
					"dataSourceKey": "staticName"
				},
				{
					"modelKey": "ChargeCostCenterID",
					"dataSourceKey": "staticID"
				}
			]
		},
		{
			"sourceType": 1,
			"sourceKey": "Project",
			"multiSelect": false,
			"url": "/api/BaseData/GetProjectByChargeCostCenterID",
			"relatedID": "staticID",
			"modelBindType": 0,
			"changeKeys": "",
			"localParams": {},
			"requestType": 0,
			"params": {
				"expression": "{\"LegalUnitID\":\"%s\",\"ChargeCostCenterID\":\"%s\",\"Page\":\"%s\",\"PageSize\":\"%s\"}",
				"paramKey": "legalUnitID,ChargeCostCenterID,(pn),(ps)"
			},
			"modelBinds": [
				{
					"modelKey": "Project",
					"dataSourceKey": "staticName",
					"parentKey": "GetCities"
				},
				{
					"modelKey": "ProjectID",
					"dataSourceKey": "staticID",
					"parentKey": "GetCities"
				}
			]
		},
		{
			"sourceType": 1,
			"sourceKey": "ItemClass",
			"multiSelect": false,
			"url": "/AppClient/AppGetCommonStaticList.aspx",
			"relatedID": "STATIC_ID",
			"localParams": {},
			"modelBindType": 0,
			"requestType": 1,
			"filterID": "",
			"params": {
				"expression": "{\"LegalUnitID\":\"%s\",\"page_number\":\"%s\",\"page_Size\":\"%s\",\"static_cd\":\"%s\"}",
				"paramKey": "legalUnitID,:1,:1000,:ItemClass"
			},
			"modelBinds": [
				{
					"modelKey": "ItemClass",
					"dataSourceKey": "STATIC_VALUE",
					"parentKey": ""
				},
				{
					"modelKey": "ItemClassID",
					"dataSourceKey": "STATIC_ID",
					"parentKey": ""
				},
				{
					"modelKey": "ItemClassCD",
					"dataSourceKey": "STATIC_CD",
					"parentKey": ""
				}
			]
		},
		{
			"sourceType": 1,
			"sourceKey": "PurApplyDtlList",
			"multiSelect": true,
			"url": "/AppClient/AppGetPurApplyDtlRelation.aspx",
			"relatedID": "PurApplyDtlID",
			"localParams": {},
			"modelBindType": 2,
			"needAllBind": false,
			"filterID": "ItemClassID,ItemClassID",
			"returnOld": false,
			"requestType": 1,
			"relateAndEdit": true,
			"newModuleID": "T_PurApplyDtl",
			"newModuleTemType": "T_PurApplyDtl",
			"needEditFlagKey": "PurApplyDtlList,PurApplyDtlList",
			"params": {
				"expression": "{\"ItemClassID\":\"%s\",\"action_type\":\"%s\",\"page_number\":\"%s\",\"page_size\":\"%s\"}",
				"paramKey": "ItemClassID,:0,(pn),(ps)"
			},
			"modelBinds": [
				{
					"modelKey": "BizIcon",
					"dataSourceKey": "BizIcon"
				},
				{
					"modelKey": "Title",
					"dataSourceKey": "Title"
				},
				{
					"modelKey": "Desc1",
					"dataSourceKey": "Desc1"
				},
				{
					"modelKey": "Desc2",
					"dataSourceKey": "Desc2"
				},
				{
					"modelKey": "PurApplyDtlID",
					"dataSourceKey": "PurApplyDtlID"
				},
				{
					"modelKey": "R_RECORD_UPDATE_DATE",
					"dataSourceKey": "R_RECORD_UPDATE_DATE"
				},
				{
					"modelKey": "Quality",
					"dataSourceKey": "Quality"
				},
				{
					"modelKey": "BizID",
					"dataSourceKey": "BizID"
				},
				{
					"modelKey": "R_RECORD_CREATE_USER",
					"dataSourceKey": "R_RECORD_CREATE_USER"
				},
				{
					"modelKey": "SubmitDate",
					"dataSourceKey": "SubmitDate"
				},
				{
					"modelKey": "SubmitName",
					"dataSourceKey": "SubmitName"
				},
				{
					"modelKey": "DETAIL_MOBILE_ID",
					"dataSourceKey": "DETAIL_MOBILE_ID"
				},
				{
					"modelKey": "Currency",
					"dataSourceKey": "Currency"
				},
				{
					"modelKey": "Number",
					"dataSourceKey": "Number"
				},
				{
					"modelKey": "ApplyDept",
					"dataSourceKey": "ApplyDept"
				},
				{
					"modelKey": "ItemSpec",
					"dataSourceKey": "ItemSpec"
				},
				{
					"modelKey": "Price",
					"dataSourceKey": "Price"
				},
				{
					"modelKey": "ApplyCD",
					"dataSourceKey": "ApplyCD"
				},
				{
					"modelKey": "TotalAmountStr",
					"dataSourceKey": "TotalAmountStr"
				},
				{
					"modelKey": "TotalAmount",
					"dataSourceKey": "TotalAmount"
				},
				{
					"modelKey": "ItemClassID",
					"dataSourceKey": "ItemClassID"
				},
				{
					"modelKey": "LegalUnitCD",
					"dataSourceKey": "LegalUnitCD"
				},
				{
					"modelKey": "DOC_PATHS_COUNT",
					"dataSourceKey": "DOC_PATHS_COUNT"
				},
				{
					"modelKey": "ItemClass",
					"dataSourceKey": "ItemClass"
				},
				{
					"modelKey": "Unit",
					"dataSourceKey": "Unit"
				},
				{
					"modelKey": "BizTableName",
					"dataSourceKey": "BizTableName"
				},
				{
					"modelKey": "ItemName",
					"dataSourceKey": "ItemName"
				},
				{
					"modelKey": "AssetInfoName",
					"dataSourceKey": "AssetInfoName"
				},
				{
					"modelKey": "ItemCategoryID",
					"dataSourceKey": "ItemCategoryID"
				},
				{
					"modelKey": "CurrencyID",
					"dataSourceKey": "CurrencyID"
				},
				{
					"modelKey": "ApplyDeptID",
					"dataSourceKey": "ApplyDeptID"
				},
				{
					"modelKey": "LegalUnitID",
					"dataSourceKey": "LegalUnitID"
				},
				{
					"modelKey": "ApplyName",
					"dataSourceKey": "ApplyName"
				},
				{
					"modelKey": "ItemClassCD",
					"dataSourceKey": "ItemClassCD"
				},
				{
					"modelKey": "ItemCategory",
					"dataSourceKey": "ItemCategory"
				},
				{
					"modelKey": "UnitID",
					"dataSourceKey": "UnitID"
				},
				{
					"modelKey": "Remark",
					"dataSourceKey": "Remark"
				},
				{
					"modelKey": "PurApplyDtlCD",
					"dataSourceKey": "PurApplyDtlCD"
				},
				{
					"modelKey": "templateID",
					"dataSourceKey": "BizTableName"
				},
				{
					"modelKey": "detailMobileID",
					"dataSourceKey": "PurApplyDtlID"
				},
				{
					"modelKey": "ArriveDate",
					"dataSourceKey": "ArriveDate"
				},
				{
					"modelKey": "PurPayApplyMstViewInfo",
					"dataSourceKey": "PurPayApplyMstViewInfo"
				}
			]
		}
	],
	"expression": [],
	"validateExpression": [
		{
			"validateKey": "",
			"operateType": 12,
			"message": "Please selectApply department",
			"messageEn": "",
			"valueType": 3,
			"validates": [
				{
					"key": "CostCenterName",
					"operateType": 12,
					"orderBy": 0,
					"valueType": 3,
					"value": []
				}
			]
		},
		{
			"validateKey": "",
			"operateType": 12,
			"message": "Please selectAccounting department",
			"messageEn": "",
			"valueType": 3,
			"validates": [
				{
					"key": "ChargeCostCenter",
					"operateType": 12,
					"orderBy": 0,
					"valueType": 3,
					"value": []
				}
			]
		},
		{
			"validateKey": "",
			"operateType": 12,
			"message": "Please selectPurchase category",
			"messageEn": "",
			"valueType": 3,
			"validates": [
				{
					"key": "ItemClass",
					"operateType": 12,
					"orderBy": 0,
					"valueType": 3,
					"value": []
				}
			]
		},
		{
			"validateKey": "",
			"operateType": 12,
			"message": "Please input remark",
			"messageEn": "",
			"valueType": 3,
			"validates": [
				{
					"key": "Remark",
					"operateType": 12,
					"orderBy": 0,
					"valueType": 3,
					"value": []
				}
			]
		},
		{
			"validateKey": "",
			"operateType": 12,
			"message": "Please select purchase details",
			"messageEn": "",
			"valueType": 3,
			"validates": [
				{
					"key": "PurApplyDtlList",
					"operateType": 12,
					"orderBy": 0,
					"valueType": 5,
					"value": []
				}
			]
		}
	],
	"legalUnitID": "000007",
	"softControlKey": [
		{
			"softControlKey": "PurApplyDtlList",
			"operateType": 5,
			"message": "Please select the Purchase category first",
			"messageEn": "",
			"valueType": 1,
			"validates": [
				{
					"key": "ItemClass",
					"operateType": 12,
					"orderBy": 0,
					"valueType": 3,
					"value": []
				}
			]
		}
	],
	"visibleKeys": [],
	"enableKeys": [],
	"clearKeys": [
		{
			"key": "ItemClass",
			"affectKeys": "PurApplyDtlList",
			"clearCompareKey": "ItemClassCD,STATIC_CD",
			"message": "Modifying the Purchase category will clear the purchase details. Are you sure to modify it?",
			"messageEn": "Replacing the travel application form will clear the expense flow"
		}
	],
	"transEntities": [
		{
			"modelKey": "BIZ_ID",
			"remoteKey": "BizID",
			"isOutsideKey": false
		},
		{
			"modelKey": "EditFlag",
			"remoteKey": "action_type",
			"isOutsideKey": true
		},
		{
			"modelKey": "ApplyDeptID",
			"remoteKey": "ApplyDeptID",
			"isOutsideKey": true
		},
		{
			"modelKey": "ApplyDept",
			"remoteKey": "ApplyDept",
			"isOutsideKey": true
		},
		{
			"modelKey": "root",
			"remoteKey": "bizdata",
			"isOutsideKey": true
		},
		{
			"modelKey": "PurApplyDtlList.detailMobileID",
			"remoteKey": "PurApplyDtlList.PurApplyDtlID"
		},
		{
			"modelKey": "PurApplyDtlList.templateID",
			"remoteKey": "PurApplyDtlList.BizTableName"
		},
		{
			"modelKey": "detailMobileID",
			"remoteKey": "DETAIL_MOBILE_ID"
		},
		{
			"modelKey": "applyStatus",
			"remoteKey": "ApplyStatus"
		},
		{
			"modelKey": "PurApplyDtlList.PurApplyMstViewInfo",
			"remoteKey": "PurApplyDtlList.PurApplyMstViewInfo"
		},
		{
			"modelKey": "templateID",
			"remoteKey": "BILL_TYPE_NAME"
		}
	],
	"intKey": "PurApplyDtlList.DOC_PATHS_COUNT,PurApplyDtlList.RowNumber,PurApplyDtlList.SupplierStatus,PurApplyDtlList.R_RECORD_STATUS,ApproveMethod,DOC_PATHS_COUNT,ApplyStatus,RowNumber,PurApplyDtlList.DOC_LIST_COUNT,PurApplyDtlList.EditFlag,StatusSource.Status,FIStatus,PurApplyType,R_RECORD_STATUS,ApproveNodeList.ENodeStatus,ApproveNodeList.NodeOrder,ApproveNodeList.NodeStatus,ApproveNodeList.R_RECORD_STATUS,ApproveNodeList.BudgetControlRate,ApproveNodeList.EditFlag,ApproveList.NodeOrder,ApproveList.EditFlag,Approve.ApproveStatus,Approve.R_RECORD_STATUS,Approve.BudgetControlType,Approve.BudgetControlMethod,Approve.OverRange,Approve.OverRangeExt"
}